GuestIDCardNumber,UserName,Password,FirstName,LastName,D.O.B,PhoneNumber,Email
2664452964,mspitaro0,6Wuf5IAL,Marian,Spitaro,1975-06-25,3204421851,mspitaro0@go.com
6058703131,atreece1,prERDFsw,Annamarie,Treece,1961-10-03,4857440702,atreece1@usgs.gov
6928317782,cpaulsen2,3xeXH4,Creigh,Paulsen,1990-06-29,6435694521,cpaulsen2@amazon.de
7450875441,bvolant3,iFDYNH,Beverlee,Volant,1974-12-13,8136557993,bvolant3@smh.com.au
8610731787,hrichemond4,N38BzlGptIZ,Harlin,Richemond,1965-10-27,5152345676,hrichemond4@businessweek.com
10034327046,ffruin5,9OnPruAM,Freida,Fruin,1964-02-03,3626990844,ffruin5@pcworld.com
12040595203,dreggio6,F4tWf7,Dominica,Reggio,1964-09-25,8157447840,dreggio6@chicagotribune.com
14314548443,yfavey7,8Plahq,Yankee,Favey,1972-01-23,4441352608,yfavey7@boston.com
14441180619,lguppie8,TmYaHvg,Lelia,Guppie,1973-09-09,7137239704,lguppie8@oaic.gov.au
15147912770,cheinl9,pPGFjgLRT,Cindee,Heinl,1983-01-26,9471285250,cheinl9@businesswire.com
15615619688,snisbeta,ijjfYlPIK,Sonny,Nisbet,1982-04-03,2431158267,snisbeta@earthlink.net
21261697674,lyakunikovb,69QnPWGO,Laure,Yakunikov,1971-10-07,6708607113,lyakunikovb@qq.com
21313553407,csealovec,cpFvDm9mqqe,Chet,Sealove,1979-02-26,9623206201,csealovec@va.gov
21616295528,fdimmackd,gv2PNH1q,Freeland,Dimmack,1989-07-13,3313863175,fdimmackd@umich.edu
21952145998,ewaithe,3Ucv2uLt,Eryn,Waith,1968-02-27,9562743732,ewaithe@wix.com
22091385331,anunanf,tg2tJBCYpUmk,Arlan,Nunan,2001-07-01,6955642363,anunanf@symantec.com
22319728669,ekilgroveg,VkV655RU,Em,Kilgrove,1988-11-06,2283773378,ekilgroveg@sciencedaily.com
22488221556,wkulash,gWTfTy,Waiter,Kulas,1993-12-27,4538121258,wkulash@themeforest.net
22635019468,lgoldsberryi,sgJcPz9fq8Ma,Lonny,Goldsberry,1996-12-24,3413702806,lgoldsberryi@furl.net
22884163266,cpuxleyj,Lf0RQ2K,Chrissy,Puxley,1961-06-19,8765642213,cpuxleyj@w3.org
23392533823,wcornewallk,CnsrSe,Winnie,Cornewall,1982-12-19,7519208644,wcornewallk@youku.com
24298610926,mhallwelll,YbR0ZIAn,Margarette,Hallwell,1983-02-05,9926344625,mhallwelll@merriam-webster.com
26632723974,dpettiem,ywWw23l,Dottie,Pettie,1992-04-01,7983751613,dpettiem@yahoo.co.jp
26703896608,bgormann,aYQXUPRrj,Brenden,Gorman,1998-09-30,8457282690,bgormann@fotki.com
26969742275,bhayeso,pS0t0VV6QA,Bartolomeo,Hayes,1988-05-24,4478400078,bhayeso@arizona.edu
28241582861,scailloup,3gcc1OMw0FDc,Shell,Caillou,2003-05-14,9882811508,scailloup@redcross.org
28443942199,bcharleq,etW1bLCg,Basilius,Charle,1997-06-01,3243953183,bcharleq@arizona.edu
29046473030,lthiesr,FZbzGSq6iPGG,Luis,Thies,1991-11-06,5983516998,lthiesr@stumbleupon.com
31464697744,cbutchers,XD4d4St,Charlene,Butcher,1987-03-21,6158121846,cbutchers@weibo.com
32949122608,ckondratyukt,dN1LpcpRkHKl,Claribel,Kondratyuk,1988-02-23,9131441387,ckondratyukt@elegantthemes.com
33046123382,bmacmeanmau,5TE8Smtbr6,Brade,MacMeanma,2002-09-03,7034511856,bmacmeanmau@seattletimes.com
34338645420,tarringtonv,HmrQHRNU4,Terza,Arrington,1971-02-23,5036504045,tarringtonv@dropbox.com
37160178379,esartinw,0XV8mDRr,Emma,Sartin,1984-10-15,3034576812,esartinw@furl.net
38075046612,mfylanx,nkDvpGLj1,Melodee,Fylan,2003-08-12,2498886193,mfylanx@alexa.com
39471679454,cmacillricky,vkpFEmiF6,Cad,MacIllrick,1996-06-28,9661167025,cmacillricky@weebly.com
40646404415,sreublez,xLeueClWY,Sunshine,Reuble,2000-11-15,8286919697,sreublez@unesco.org
40662628269,ebrearley10,lAQqMzuYcFc,Esra,Brearley,1970-05-28,3419407082,ebrearley10@discuz.net
43049450434,mshannon12,T9eqHk2H7bUS,Milissent,Shannon,2002-04-15,6738420120,mshannon12@hexun.com
45284963609,cmillom13,Q0D378zla,Cass,Millom,1984-10-07,7617046235,cmillom13@paypal.com
46905539543,dszimon14,xPBkTY,Deny,Szimon,1976-05-22,3454398197,dszimon14@irs.gov
48751314761,vgallegos16,dxeWsoP,Victoria,Gallegos,1970-05-04,3215485555,vgallegos16@studiopress.com
49122282772,cslimming17,fJHZVqE,Carly,Slimming,1984-06-18,6962875314,cslimming17@sohu.com
49282576851,tokill18,wpHIq5M2O,Teodoor,Okill,1962-11-29,5317080314,tokill18@microsoft.com
50190042106,ljoiris1a,BgvvATu,Lorens,Joiris,1983-10-08,2844222401,ljoiris1a@amazon.co.uk
50747065775,bmatic1b,h2WSxKTx,Bertie,Matic,1970-10-29,9863606371,bmatic1b@amazon.co.jp
51154516302,ppenke1c,2h4zQx,Pammie,Penke,1968-07-14,8357128633,ppenke1c@360.cn
51422207075,lissac1d,McT5lcrF7Y,Levin,Issac,1970-01-04,5981527615,lissac1d@eepurl.com
52532851650,kstokell1e,5POAFT,Koral,Stokell,1977-01-11,4181322485,kstokell1e@netlog.com
54451101817,tbernadzki1f,g4rUx8ZiHSa,Tedi,Bernadzki,1998-04-28,4131118471,tbernadzki1f@1688.com
54641483041,ccrate1g,ej6wBO6,Chiquita,Crate,1988-02-19,9841900159,ccrate1g@google.co.uk
54939490172,ktrafford1h,w4oiE34zR,Kristan,Trafford,1990-05-11,5368409454,ktrafford1h@auda.org.au
55136445472,nbarten1i,BGQt9Sj4P0G,Norina,Barten,1990-07-15,2657405796,nbarten1i@state.gov
56653586952,lhowse1j,CqHjKIR,Louisette,Howse,1967-10-26,7828686093,lhowse1j@economist.com
56718415690,mjeary1k,AP0INHqniGWm,Maitilde,Jeary,1973-09-14,4233268528,mjeary1k@t.co
57312630345,clongland1l,c6FF0GoVTa,Cammy,Longland,1989-06-16,2968811250,clongland1l@npr.org
57856232384,adaborn1m,F53PiMwSAU,Augusto,Daborn,2003-04-09,7399492366,adaborn1m@de.vu
58270731920,rkonertz1n,QsrSxoGn,Rafaello,Konertz,1996-09-09,5642730649,rkonertz1n@wiley.com
58939288512,vcharlet1o,tfkvqGNOWih,Vasilis,Charlet,1966-07-13,2348181487,vcharlet1o@t.co
59425985482,alabbey1p,khzdJCbwbKp,Abigail,Labbey,1976-08-23,2811822740,alabbey1p@shop-pro.jp
60046756820,mtocknell1q,Ajhktj,Maximilianus,Tocknell,1994-02-25,7495038535,mtocknell1q@gnu.org
60984191569,ygoodbourn1r,DJBFV295,Yoko,Goodbourn,1995-07-19,5152052038,ygoodbourn1r@noaa.gov
61802481060,ccalderon1s,id6wkFA1DlF,Cindie,Calderon,2001-06-26,2194234957,ccalderon1s@stanford.edu
62914196722,ccrigin1t,MX1kJ3Kq,Connie,Crigin,2001-08-13,1628415389,ccrigin1t@twitpic.com
64000857558,cblouet1u,E7bLbrMJOv,Constantine,Blouet,1984-06-23,6417474725,cblouet1u@auda.org.au
65692597611,dgyorffy1v,bbrdfCSgKH,Drud,Gyorffy,1961-09-04,9188785198,dgyorffy1v@eepurl.com
66050617632,jcroxford1w,Mqbf9GiTnD6,Jarrett,Croxford,1974-11-01,2834301773,jcroxford1w@xing.com
67493694406,rstannion1x,RuRJvIBJIlo,Rosie,Stannion,1971-12-14,2796097854,rstannion1x@pbs.org
67750567715,rpahl1y,xD506ORPeF,Ray,Pahl,1973-02-11,8101937680,rpahl1y@google.de
69187462471,dtinton1z,2MhorjVrTZf,Dede,Tinton,1985-09-26,7175384652,dtinton1z@sciencedaily.com
70133414001,esyncke20,2ulcWzt8NzHY,Eddie,Syncke,1989-11-27,3469902227,esyncke20@facebook.com
71333138354,eparkman22,Vp4JPk,Elijah,Parkman,1986-12-04,3147681492,eparkman22@ca.gov
71397950460,biianon23,RNErNtdN4yif,Beau,Iianon,1976-01-14,2638008749,biianon23@blogspot.com
72272864820,trivaland24,vN2CO0F,Tine,Rivaland,1963-02-16,4017699724,trivaland24@e-recht24.de
72440987727,smulroy25,OGJbsPcH4rS,Sally,Mulroy,1980-06-15,8801947400,smulroy25@bandcamp.com
73930000590,khuetson26,3010l9X,Katee,Huetson,1967-08-18,3161137932,khuetson26@netvibes.com
76744658358,mdecoursey27,CmcjvtD6Xk,Mead,De Coursey,2002-05-06,9948802920,mdecoursey27@arizona.edu
80097535018,gfayter28,rpVcRefmbIGy,Gwynne,Fayter,1986-09-10,8587408547,gfayter28@china.com.cn
80584000410,jeddis29,zWy03hc8mWCv,Jimmy,Eddis,1993-01-11,3797471418,jeddis29@oakley.com
80635159400,aaries2a,G3iQqVM2,Anstice,Aries,1988-04-29,2788973885,aaries2a@google.com
82609090735,keric2b,iCKwvHwm,Karita,Eric,1994-05-09,8786243552,keric2b@ask.com
83415759754,abenedite2c,i8dh93,Arielle,Benedite,1994-01-22,5169338897,abenedite2c@sourceforge.net
83753416799,eepelett2d,jatKa5,Elladine,Epelett,1965-10-24,3904659436,eepelett2d@yelp.com
84061679268,jcahillane2e,90Xojzhm,Judon,Cahillane,1964-03-07,1176035832,jcahillane2e@independent.co.uk
84105085528,bstorch2f,ZyQal8gJ1yKk,Barbi,Storch,2000-03-31,5793395227,bstorch2f@hhs.gov
86510091057,cscriven2g,UOsBzf4cYRae,Carree,Scriven,1974-04-18,1292603105,cscriven2g@army.mil
89604345371,rgeraldo2h,JK7waUA8Cwcn,Ricardo,Geraldo,1971-07-31,5328463564,rgeraldo2h@ucoz.ru
89975476824,fgrob2i,EYaPWCSux,Fan,Grob,1972-07-07,4499774029,fgrob2i@wikia.com
91410124752,sledwith2j,uG1L0nkzU,Stanislas,Ledwith,1965-01-13,8605482275,sledwith2j@istockphoto.com
92275493875,kseeler2k,zA2pg2UIUKcZ,Kaleb,Seeler,1991-10-11,5133754312,kseeler2k@economist.com
92692876596,adickings2l,CoN7CmLPQCW,Alwin,Dickings,1961-01-16,8461926181,adickings2l@live.com
93175108225,gbalmann2m,NuzlTI,Gilles,Balmann,1971-10-16,8058603728,gbalmann2m@sciencedaily.com
93552378623,ngrievson2n,rkfl1bp,Nessy,Grievson,1998-05-22,9224793052,ngrievson2n@ning.com
93881078039,bgovern2o,vP5ZzJk,Bobinette,Govern,1973-11-11,2687469855,bgovern2o@spotify.com
95389119486,kcamsey2p,mx7Jfraoybz,Kelwin,Camsey,1973-01-18,9069876630,kcamsey2p@statcounter.com
96661773721,pswanson2r,J7ybhAj9WAY,Pearle,Swanson,1963-10-23,4238772708,pswanson2r@blogtalkradio.com
102524058381,aanger2s,nEsPVaYRXF8,Adella,Anger,2004-11-11,9357906925,aanger2s@reference.com
104264275101,sstrivens2t,yc7AWGPq,Sari,Strivens,1997-01-05,3414681616,sstrivens2t@zdnet.com
105877071806,jyarranton2u,QKsLCCqIJ,Julianne,Yarranton,1967-02-09,4226319363,jyarranton2u@fda.gov
106914575463,ecroxon2v,iAKm2E,Erasmus,Croxon,1977-12-01,8977018989,ecroxon2v@gravatar.com
107337074787,gcolloby2w,pB5cwQgDxJTo,Geneva,Colloby,1962-11-06,3786899595,gcolloby2w@pen.io
107997324043,gbiddell2x,s2aZlVBM,Glynn,Biddell,1972-07-11,4269119210,gbiddell2x@dion.ne.jp
108196689462,cduxbarry2y,zFX3Rj,Corinne,Duxbarry,1998-04-25,7217308484,cduxbarry2y@flavors.me
110077588124,ohightown2z,KRUyHF,Ode,Hightown,2002-08-27,4237039135,ohightown2z@tinypic.com
110306035408,tantoniat30,BNKI5JR4UG,Talbert,Antoniat,1994-02-18,3692751274,tantoniat30@youku.com
111315654872,pgroucutt31,1H8oIxSk2,Piotr,Groucutt,1989-10-11,8622963058,pgroucutt31@netscape.com
117153955785,gloftus32,sM7NtHaqZIr,Glenden,Loftus,1970-07-24,3106333082,gloftus32@vkontakte.ru
119071605011,ksmitheram34,xi7T57Q8oaJ,Kandace,Smitheram,1970-01-31,4064972709,ksmitheram34@cbslocal.com
119177285955,cleversha35,OCnBPhC3,Corey,Leversha,1996-12-05,8727435838,cleversha35@example.com
121144452616,iserver36,tDKzoKEeial,Iseabal,Server,1975-10-30,3754175305,iserver36@java.com
122049030018,kbampforth37,YKPOSHu6Rh,Kara,Bampforth,2003-05-13,8902451188,kbampforth37@geocities.jp
123795663066,rweightman38,AtYtvPWz7,Rebeca,Weightman,2003-07-24,3098606114,rweightman38@cbsnews.com
124252169563,ffenlon39,76egCo,Fey,Fenlon,2000-08-01,6503058239,ffenlon39@omniture.com
124379340574,gpunter3a,XkgA9Yp,Gloria,Punter,1980-06-13,6993621490,gpunter3a@php.net
124494671124,gasche3b,rMBMy3hhmN2,Glad,Asche,1973-01-26,1124437345,gasche3b@npr.org
125445596171,fsima3c,ZvW3Ywu96T,Fernande,Sima,1969-02-10,3245872453,fsima3c@miitbeian.gov.cn
125900493445,rgault3d,RfptpnAX,Ramonda,Gault,1978-04-06,6922473781,rgault3d@china.com.cn
126043817972,pdutt3e,yVLlP6NTX,Pace,Dutt,1987-03-06,9163875299,pdutt3e@theglobeandmail.com
126050203778,amanus3f,aRdCoLiu,Adamo,Manus,1989-11-04,2707539508,amanus3f@sciencedaily.com
127987280074,aroddick3g,rwpjLmKdH2V,Arch,Roddick,1991-04-23,2575738744,aroddick3g@google.com.au
128330324024,csappson3h,TWtJy7,Cecil,Sappson,1968-06-30,3728157343,csappson3h@networkadvertising.org
131550734069,csprakes3i,D2afzFG,Casi,Sprakes,1970-12-05,9358646061,csprakes3i@nps.gov
131803151724,tmackniely3j,KruTzvF,Tomas,MacKniely,1966-10-28,4464367030,tmackniely3j@gmpg.org
131940202651,snichols3k,IksRmsGbjWVQ,Sherye,Nichols,1980-04-02,4012826893,snichols3k@icq.com
134636497556,csully3l,eJ2JzyPG,Cari,Sully,1980-03-13,4366029377,csully3l@mysql.com
134755019307,cspurett3m,Ir7OKJt,Carilyn,Spurett,1969-08-14,2812750751,cspurett3m@1688.com
135464665167,amenci3n,NwwExa9Nc,Ashley,Menci,2002-09-22,2246172478,amenci3n@sun.com
136672719269,disacsson3o,LggNdiEDejX,Darrel,Isacsson,1998-10-28,5663566331,disacsson3o@etsy.com
138394378797,rwoltering3p,cVNOCOuW,Reube,Woltering,1974-03-04,8453693067,rwoltering3p@unc.edu
138463190842,jcannavan3q,FWWnWqNOn,Jacinda,Cannavan,1960-01-20,4771891849,jcannavan3q@loc.gov
139024607171,jbonnar3r,MUautwD,James,Bonnar,1985-08-24,4072719082,jbonnar3r@indiegogo.com
140233254693,btanswell3s,2pY5bUwMIm,Bambie,Tanswell,1965-03-21,1021061181,btanswell3s@sakura.ne.jp
143388297600,vterron3u,NQekX4wHb,Valma,Terron,1960-05-04,9149283966,vterron3u@xrea.com
143421896515,mbooker3v,VyvS0S,Marilyn,Booker,1997-11-02,5457364549,mbooker3v@si.edu
143575788653,stomeo3w,hIvIcUsJWY,Silvanus,Tomeo,1981-11-16,3575054336,stomeo3w@pcworld.com
144351757149,jcartmill3x,KVc1roPn3,Johnnie,Cartmill,1968-08-18,7106282703,jcartmill3x@mtv.com
145544650478,bzimmer3y,7KJQHfuz1,Brandice,Zimmer,1973-02-21,8892316184,bzimmer3y@wired.com
147779999326,hjakoubek3z,zuC7QH,Harland,Jakoubek,1987-10-21,5573580226,hjakoubek3z@patch.com
148871037413,cmacgruer40,jjJgN1ZrOyG,Charissa,MacGruer,1980-05-07,5685213364,cmacgruer40@gnu.org
149686721539,fhobben41,1aA0oSZCZr,Farly,Hobben,2000-07-13,6601125942,fhobben41@delicious.com
154298958880,nrobardey42,boekXOFwmj,Noellyn,Robardey,1967-01-26,4863387198,nrobardey42@abc.net.au
154994897151,scatley43,eO8vN2w,Sanson,Catley,1983-01-08,7662258698,scatley43@redcross.org
155034065160,jharroway44,pJFb5y0XMoi,Juliet,Harroway,1994-12-11,9208681683,jharroway44@ifeng.com
155129505824,lsimoncini45,7zd5sTKEqR,Ludovika,Simoncini,1984-05-11,4132313911,lsimoncini45@techcrunch.com
157426904874,ajeanel48,FhMAAIsJCe,Alene,Jeanel,1982-11-28,4773105132,ajeanel48@foxnews.com
157539299788,sforkan49,0EvCkZ83MK,Sandor,Forkan,1970-02-27,1358728855,sforkan49@aol.com
157838770911,dcradoc4a,SK5FVmReuU,Danila,Cradoc,1963-07-03,2037616388,dcradoc4a@google.cn
159548761475,gteasdale4b,EhAC92e2aPr,Griz,Teasdale,1999-08-05,7049634528,gteasdale4b@barnesandnoble.com
159909071232,jbrinson4c,HJ0HrlD,Judah,Brinson,1967-01-06,8813531873,jbrinson4c@live.com
161512352517,krobottom4d,oV2mQ8s,Kory,Robottom,1968-09-12,9488991423,krobottom4d@google.com.br
161527248276,pboyde4e,fvpW5xW,Philippa,Boyde,1965-06-28,1724213241,pboyde4e@jugem.jp
162632862064,hbunker4f,RUHwE335OU2,Heall,Bunker,1975-01-15,4127114952,hbunker4f@smugmug.com
164878207122,waffleck4g,3fmm0NYyESBM,Wit,Affleck,1996-02-22,1299716087,waffleck4g@patch.com
165326944054,arheam4h,5eolk07ygC5,Alie,Rheam,1981-07-08,2218248948,arheam4h@house.gov
167298411764,kallchin4i,tzHSqE2U,Kristyn,Allchin,1989-04-01,6191026061,kallchin4i@slashdot.org
168251392251,ffidelus4j,V7PJzEHA1,Friederike,Fidelus,1971-11-24,7565412274,ffidelus4j@addthis.com
168411192624,rhargitt4k,CR1Cse7SNbpD,Roxanne,Hargitt,1978-09-15,1305294583,rhargitt4k@alibaba.com
168503646531,sbrazear4l,bNKxGZD25hZ,Sallyanne,Brazear,1984-06-25,2305678771,sbrazear4l@blinklist.com
169102424544,zmcnally4m,o4vMs26AR,Zed,McNally,2002-08-13,8333116759,zmcnally4m@angelfire.com
170621757722,bnorthin4n,zDUFNOgBSj,Belinda,Northin,1976-09-01,7914576404,bnorthin4n@hp.com
171506052358,msaffer4o,rsNlZ5a,Mariette,Saffer,1965-07-20,7213380346,msaffer4o@google.pl
172236237047,spaye4p,g2AP7LylMMP,Swen,Paye,1967-07-02,2305964670,spaye4p@google.it
172531438418,rtindley4q,9kB25ry7VL,Rosabelle,Tindley,1984-08-01,9503275819,rtindley4q@timesonline.co.uk
175612879164,gcasella4r,4avsOQ,Ginevra,Casella,1975-10-21,4932144411,gcasella4r@amazon.com
176332504664,cfrancklyn4s,mTkxAAOafVVu,Christi,Francklyn,1966-08-11,1649509720,cfrancklyn4s@meetup.com
176521220790,rarmit4t,TOLBzz,Ramsay,Armit,1971-10-06,7271608041,rarmit4t@newsvine.com
177451621970,hcarolan4u,NeEaq14,Hattie,Carolan,1979-11-02,8685240533,hcarolan4u@privacy.gov.au
179524311765,stweedy4w,CeEZJzU3r42X,Sherri,Tweedy,1979-01-21,8391469626,stweedy4w@wix.com
180660231378,gmacdavitt4x,GdGTzoWqTmu7,Gabriell,MacDavitt,1981-12-15,3601021373,gmacdavitt4x@slate.com
180718328673,dgribbin4y,3rHGr4a,Dolores,Gribbin,1962-05-23,1981939953,dgribbin4y@wired.com
181103275752,favraham4z,YR79H6zKe,Ferd,Avraham,1967-04-19,1781621609,favraham4z@mozilla.com
182428248788,jboobyer50,0RrTYPn,Janos,Boobyer,1996-12-03,3537602406,jboobyer50@blogtalkradio.com
183870969007,htune51,3lgkVNYlQ6QE,Hiram,Tune,1977-03-26,4295358799,htune51@vimeo.com
184002558393,fheinrici52,UC735PGVwQ,Frayda,Heinrici,1989-04-01,8791728044,fheinrici52@telegraph.co.uk
185087535742,sahrend53,dCyffoWQjEX,Shaylynn,Ahrend,1960-10-22,9546493955,sahrend53@wisc.edu
185237301314,jcaroll54,qTukApCu9,Jesse,Caroll,1965-07-23,3338237245,jcaroll54@archive.org
185692511545,lbarnaby56,2qzwWu,Lyndsey,Barnaby,1974-10-26,1346773531,lbarnaby56@elpais.com
186800744271,uimpleton57,kNKptq2JS,Udell,Impleton,2001-07-11,8532486062,uimpleton57@discuz.net
187040968153,celgie58,luUcOXQcLU,Chaddie,Elgie,2000-11-17,6091895280,celgie58@topsy.com
187206351749,cbes59,qDVxQx,Connor,Bes,1970-04-13,2226835588,cbes59@umn.edu
188162683365,ejann5a,h2GfHvI,Elston,Jann,1967-04-20,2548303717,ejann5a@bloglines.com
188943715427,vlively5b,6rilK3MgT,Vinita,Lively,1993-09-28,2135041612,vlively5b@google.ca
189402509102,moclovan5c,1SRs1Cb,Mariann,O' Clovan,1970-01-29,1211424370,moclovan5c@abc.net.au
189852212423,dmcgeechan5d,XhHQ5SSM,Durant,McGeechan,1962-06-29,1522815832,dmcgeechan5d@berkeley.edu
190939709703,jshaw5e,4WaRh8u,Jannel,Shaw,1977-10-11,7323773428,jshaw5e@ifeng.com
191286579561,sderuggero5f,5QgXmCmH5RrK,Shannen,De Ruggero,1974-06-15,6911464521,sderuggero5f@barnesandnoble.com
192713475032,iblamey5g,nCp3R7FwpUhe,Ibbie,Blamey,1981-11-22,3087631384,iblamey5g@taobao.com
193145279849,dchambers5h,Fr2yGTiq,Diahann,Chambers,1984-01-04,8514323209,dchambers5h@nationalgeographic.com
193188059917,shiggoe5i,5U6oLBl,Shannen,Higgoe,1981-06-23,5567394981,shiggoe5i@networksolutions.com
193706033145,pfloweth5k,Cgx0lg,Perrine,Floweth,1971-09-23,8236456150,pfloweth5k@people.com.cn
194412410885,leaken5l,lAVI3BF,Loella,Eaken,1961-10-21,7031239537,leaken5l@jiathis.com
194928689634,ebarbosa5m,mwZYc8s,Emiline,Barbosa,1988-08-20,5862185141,ebarbosa5m@infoseek.co.jp
195224880978,bwarrior5n,QtCHEV3,Benni,Warrior,1961-07-30,3334999981,bwarrior5n@yandex.ru
195735806789,mhackworth5o,AduIwky,Mortie,Hackworth,1993-07-12,7716313546,mhackworth5o@typepad.com
200281132806,rpitrollo5q,tF24tEHjEM94,Rodd,Pitrollo,1966-09-01,7181851174,rpitrollo5q@theglobeandmail.com
200385978246,pmoreman5r,rfKUidZ,Padraic,Moreman,2004-10-23,1753898799,pmoreman5r@yellowpages.com
201819929961,mavrahamof5s,ThOemWIa0,Micaela,Avrahamof,1969-11-13,5843710957,mavrahamof5s@springer.com
204365577256,kfrossell5t,t4h1SW,Krysta,Frossell,1960-07-02,2053655187,kfrossell5t@wisc.edu
205302159838,adinnis5u,SuoQ2I63,Almire,Dinnis,1967-02-08,8092217741,adinnis5u@google.cn
205543542516,knewcom5v,YsHIfJk,Kit,Newcom,1999-10-29,5217380630,knewcom5v@paypal.com
207433728310,ebramley5w,BPmJJY0HWv,Ebenezer,Bramley,1987-01-25,9972662769,ebramley5w@nsw.gov.au
207770243823,ggiggie5x,FHctOl0fDBk,Garrett,Giggie,1978-05-30,7246016865,ggiggie5x@ucoz.com
208210910181,ccolley5z,oOrqFfq3,Cary,Colley,1976-01-23,7989216499,ccolley5z@nasa.gov
212976053077,bbewley60,lGJZ50VtCw5,Barbabra,Bewley,1961-05-07,5701491187,bbewley60@soundcloud.com
213483416750,hantonio61,5tMrVI30KyAv,Hardy,Antonio,1998-09-02,7436904679,hantonio61@free.fr
213520331891,jscoggan62,YpTFuchbW,Joyann,Scoggan,1995-09-17,9475968738,jscoggan62@instagram.com
214436348576,praynton63,f4fXOJK,Pace,Raynton,1999-07-02,6843830950,praynton63@mtv.com
216841986249,briolfo64,hqd8g8xEfii,Bobbee,Riolfo,2004-01-28,5363509514,briolfo64@sitemeter.com
217247405664,rhun66,0AWHXIRN,Rae,Hun,1988-06-08,5919305939,rhun66@rediff.com
217284859201,vgreenhall67,Ec39H4Q9XHjA,Verena,Greenhall,1983-08-08,2009992929,vgreenhall67@people.com.cn
219403828475,ocrawford68,Ch8nDQ,Orlan,Crawford,1982-04-15,5232906200,ocrawford68@kickstarter.com
220372018447,nmoseby69,u5dTwh6,Natasha,Moseby,2003-07-15,6298988989,nmoseby69@ca.gov
220390124052,sgunn6a,26iWsDFAP0,Silvio,Gunn,1961-09-06,2734648031,sgunn6a@spotify.com
220581828911,rpodbury6b,M1cORv8aaZrp,Rina,Podbury,1969-11-22,9869270663,rpodbury6b@economist.com
223562976913,cbryceson6c,fKpdYtj,Chloris,Bryceson,1986-12-01,1635975828,cbryceson6c@soundcloud.com
223841870171,gblaxlande6d,NJRl6QPu,Guenevere,Blaxlande,1965-06-26,6236059356,gblaxlande6d@qq.com
224534524028,cstiff6e,N46mdpAuiY,Chariot,Stiff,1960-10-08,3558940860,cstiff6e@wisc.edu
226088869006,ctrodd6f,K00432shDS,Celeste,Trodd,1969-06-27,7284577770,ctrodd6f@opensource.org
226720845391,rotley6g,0fngEm5,Rachael,Otley,1975-12-04,8783073229,rotley6g@usatoday.com
227303443940,fgoutcher6h,EUzumF,Fleming,Goutcher,1990-04-25,8713895014,fgoutcher6h@hatena.ne.jp
227359156684,dsiemantel6i,Wokr2601A7z1,Dav,Siemantel,1983-12-29,7329208058,dsiemantel6i@comsenz.com
228297336202,mzanre6j,11bwvq,Marthe,Zanre,1986-01-31,7339425312,mzanre6j@storify.com
229896911700,sdipietro6k,93NSzP1OrDed,Susanne,Di Pietro,1964-07-25,1486920373,sdipietro6k@posterous.com
231812237032,gbruniges6l,p7OJfkeI,Goddard,Bruniges,2003-07-08,1923639305,gbruniges6l@ebay.co.uk
232989319399,gpratton6n,d5Cr1J9,Gwenny,Pratton,1961-08-17,9526960801,gpratton6n@europa.eu
233450653352,evodden6o,ru4wXeNLi,Eliot,Vodden,1963-12-23,5564327775,evodden6o@amazon.de
234288872002,gciccotto6p,ma2ibAh8e,Garek,Ciccotto,1974-03-18,9317360105,gciccotto6p@discuz.net
234545752000,gkobes6q,vkDfDpnefgnI,Georas,Kobes,1974-09-08,8576523500,gkobes6q@addthis.com
235676639768,bhadlow6r,obhMVQ7f,Betsy,Hadlow,1972-03-26,8793568953,bhadlow6r@posterous.com
236986799602,lsowter6t,CBEL05m9Eh,Lara,Sowter,1970-06-17,4349269285,lsowter6t@squarespace.com
238739188216,alandsberg6u,gi9ScMsjLMq,Alexandre,Landsberg,1973-05-16,3229201352,alandsberg6u@wix.com
238750427382,dburger6v,50AIad,Davon,Burger,1995-10-07,5174035600,dburger6v@imageshack.us
239334541689,bfarlane6w,F3B0qKz,Baron,Farlane,1964-09-08,2334256049,bfarlane6w@howstuffworks.com
239936867763,gdevany6x,iFuZaHURZPi,Grantley,Devany,1991-09-21,7265974809,gdevany6x@msn.com
240070977309,swewell6y,Sa00ObGpk,Sebastiano,Wewell,1988-11-28,4802953114,swewell6y@topsy.com
240777092335,mtopaz6z,ERLnMFxX,Madonna,Topaz,1983-09-09,7884414696,mtopaz6z@archive.org
241528474294,olawee70,nOMvH5uj,Olivero,Lawee,1997-12-24,2846270257,olawee70@smugmug.com
241912971751,agerardot71,hxdOqFG7rN,Antons,Gerardot,1964-01-22,3573242344,agerardot71@godaddy.com
242052982371,aferroni72,QgWgJ01o5FeV,Ailbert,Ferroni,1983-11-03,7563428805,aferroni72@amazon.de
245433618584,apoter73,8teKUmXC0,Ashely,Poter,1980-05-09,7458882742,apoter73@miitbeian.gov.cn
246693540376,aimore74,lZi2tX,Alaster,Imore,1962-10-19,2357629605,aimore74@de.vu
247365815105,tmulcock75,45qxYnE5q1,Torry,Mulcock,1961-10-14,6412113391,tmulcock75@qq.com
247566079303,dleathers76,bW2kvnlEpIw,Darrel,Leathers,1993-09-23,2258200017,dleathers76@ucsd.edu
248199397814,dfrazier77,6ImJZbHnG,Dag,Frazier,1998-05-23,6921968504,dfrazier77@earthlink.net
248898346497,cwinder78,T5C12Up,Conchita,Winder,1967-04-18,9684098728,cwinder78@house.gov
248926210911,chouchen79,jnrZLNdwJon9,Cissiee,Houchen,1987-06-22,3138923988,chouchen79@bluehost.com
249289558295,kpickburn7a,GIHq1S,Kittie,Pickburn,2002-01-09,7117479633,kpickburn7a@topsy.com
249551489114,fazam7b,DkknwS3Iz3j,Frank,Azam,1962-08-26,2184330183,fazam7b@cloudflare.com
254547004841,sbonallick7e,xG8Df3x,Silvester,Bonallick,1966-11-23,2929498400,sbonallick7e@hc360.com
256614361284,hmuneely7f,3GZCzVV5SvhR,Hadrian,Muneely,1966-10-05,4903319791,hmuneely7f@linkedin.com
262236597768,jcockburn7g,zp3ATf7jqW,Jamill,Cockburn,2000-03-06,5464348447,jcockburn7g@unblog.fr
262239594109,bgawn7h,btaNZBUSS,Baird,Gawn,1994-07-18,5696730994,bgawn7h@liveinternet.ru
263007337178,acreser7i,NqpglBnX,Anissa,Creser,2002-11-07,1894181456,acreser7i@bluehost.com
266046069899,lnials7j,H7wyX62DpUEX,Lonnard,Nials,1977-07-04,3625886904,lnials7j@webnode.com
267295359900,hplaide7k,lWAHWpz,Hatty,Plaide,1986-04-19,7732032818,hplaide7k@reference.com
269012425878,hbenck7l,OzyvKscgQt,Hendrick,Benck,1991-04-06,9924463963,hbenck7l@guardian.co.uk
269726115866,cmorrott7n,1ldokUU3q7,Conway,Morrott,1973-03-13,5291337956,cmorrott7n@timesonline.co.uk
271305630689,eholdall7o,4lCCq0szsHa,Emogene,Holdall,1997-09-16,4709725163,eholdall7o@surveymonkey.com
272416226507,abuckleigh7p,gZoPK52Sxze,Art,Buckleigh,1965-09-07,3714606469,abuckleigh7p@dagondesign.com
272557132698,aocannon7q,hyiZysNXZV,Aggie,O'Cannon,1999-06-20,7734810609,aocannon7q@mayoclinic.com
273064703188,wchazette7r,sEJykuzt,Walker,Chazette,1979-12-20,1659561680,wchazette7r@gmpg.org
273910697116,rcarver7t,mNeJKc,Rawley,Carver,1977-01-12,3492082641,rcarver7t@aol.com
273953531159,aabraham7u,Fpm57xFYpkUe,Augusta,Abraham,1966-04-17,2808801215,aabraham7u@list-manage.com
274365559344,vrays7v,i6MXJWnti,Viviene,Rays,1970-04-16,3742225337,vrays7v@mit.edu
277092953032,bschmuhl7w,JkL3MT,Berton,Schmuhl,1964-03-05,2351235176,bschmuhl7w@apache.org
277930978021,rbrittan7x,piwO8L2LdXe9,Riordan,Brittan,1972-04-08,5369475670,rbrittan7x@spiegel.de
280760644144,ahannaway7z,WjJmNRQ5BT,Athene,Hannaway,1984-12-15,5325396463,ahannaway7z@thetimes.co.uk
283440600106,rdebullion80,wQm0vkH,Ronnie,de Bullion,1991-07-18,2453298545,rdebullion80@army.mil
284470538118,ppenman81,UDwbWE,Philippe,Penman,2000-04-14,8677429914,ppenman81@msu.edu
285451491039,cguitte82,GcGdjzOhh,Coraline,Guitte,1978-03-21,9727176724,cguitte82@timesonline.co.uk
287137165168,ngammet84,HppLKt4M,Nelly,Gammet,1987-03-26,5074542577,ngammet84@mayoclinic.com
287254550530,rforcade85,lDHUUNUq1Xt,Rice,Forcade,1994-05-30,3628558999,rforcade85@salon.com
289563316434,adegoey86,yyVvo3rWJdW,Alia,Degoey,1974-05-27,5368552169,adegoey86@java.com
291753986898,obligh87,2wHJB6zP,Oralee,Bligh,1974-11-19,3789107729,obligh87@marketwatch.com
291853891796,ltyrone88,KzUpYt,Leigh,Tyrone,1960-01-05,8631626341,ltyrone88@phoca.cz
292037594933,ewraggs89,Ctly5B8cG,Edithe,Wraggs,1989-08-22,5555202563,ewraggs89@prlog.org
293797799933,krabson8a,Efrrgz7RC,Karole,Rabson,1991-11-12,2615997213,krabson8a@slashdot.org
295270757136,nwadman8b,uBZ0fUL7sU,Niki,Wadman,1989-10-29,8762140883,nwadman8b@ustream.tv
299702711430,ajagels8d,GnPqvP,Aldo,Jagels,1986-07-05,1053404989,ajagels8d@example.com
300624490777,ljozsa8e,GOaEHAJ,Lanna,Jozsa,1978-08-11,4566257121,ljozsa8e@a8.net
301832955774,dhagstone8f,weasTV26,Desmond,Hagstone,1976-03-10,2676264785,dhagstone8f@go.com
302573055221,pmaffulli8h,HvleqoE9CSti,Pearce,Maffulli,1962-04-15,9405300734,pmaffulli8h@engadget.com
304312425250,mmarklund8i,Dr9itJgH,Maurice,Marklund,2004-11-19,2153702549,mmarklund8i@multiply.com
306832080359,zdelap8j,wcUn6jprMu5,Zabrina,Delap,1963-01-08,2526582014,zdelap8j@harvard.edu
307286854093,cstockford8k,138TPkU5NlHV,Carlotta,Stockford,1976-09-07,9874580311,cstockford8k@icq.com
307536592323,ehyams8l,FZgmQpKh,Emelita,Hyams,1977-08-04,5602545748,ehyams8l@state.tx.us
308223862786,ghandover8m,fi0tfk5BX,Gabriella,Handover,1962-12-21,6008033687,ghandover8m@narod.ru
310249284935,vprott8n,V9SzbH,Vinita,Prott,1974-06-26,5798608734,vprott8n@g.co
311142998831,dmore8p,zZupy6rE,Dirk,More,2003-05-07,2137237572,dmore8p@com.com
313243831740,jkleine8q,0P8o2xuP,Joelie,Kleine,1971-10-04,4703918596,jkleine8q@apple.com
315628922630,sspellman8r,XeRky5fOg,Syman,Spellman,1976-04-11,2359434001,sspellman8r@devhub.com
316120722035,hsneyd8s,6exERs6zpJC,Ham,Sneyd,1962-09-30,5401926504,hsneyd8s@homestead.com
316200661736,hwaggett8t,Z4WDd1kd5,Hermina,Waggett,1971-12-06,1377390189,hwaggett8t@xrea.com
317024369648,sstilldale8u,NUJ7XqvK0Cx,Stanly,Stilldale,1993-04-07,1245572648,sstilldale8u@skyrock.com
318381691966,chafner8v,RcFKw3Mf1z6,Crystie,Hafner,1989-11-05,2791842782,chafner8v@washingtonpost.com
323277892272,bmumberson8x,QpoMgo4o43Ff,Barnabas,Mumberson,1981-01-27,8505707266,bmumberson8x@clickbank.net
324768090941,clackner8y,j3xSeMIuMlpA,Clayson,Lackner,2002-07-15,6872099380,clackner8y@t-online.de
326739875355,kwickardt8z,ztSb5PR,Kala,Wickardt,2000-01-18,3387076298,kwickardt8z@chronoengine.com
327145982026,rkinge90,QgmC0d5,Roberto,Kinge,1995-05-30,3377860218,rkinge90@eepurl.com
327726409697,dsoot92,Nqln2M,Dianna,Soot,1991-05-06,5144109187,dsoot92@dagondesign.com
328819560621,fbudgey93,bUuQ5UnUH,Fabio,Budgey,1976-03-24,8125431813,fbudgey93@shareasale.com
329938746424,pforcer94,3aT1miozILm,Pate,Forcer,1991-02-10,1559485514,pforcer94@ask.com
330085821178,mbraddock95,Tr8IeEgiknw,Martynne,Braddock,2003-05-17,1512360429,mbraddock95@fastcompany.com
332031007577,klowrance96,AVT4gHXz3,Keri,Lowrance,1992-10-02,9706012714,klowrance96@statcounter.com
333714515542,hcrump97,F95SxE,Harley,Crump,1974-06-11,6189417739,hcrump97@mozilla.com
334270011444,dpetersen98,8hBSDCwPV2,Daveta,Petersen,1964-06-28,9966347649,dpetersen98@cnbc.com
334457043923,rvynoll99,RqZmuGuq9kEH,Rickard,Vynoll,1985-10-12,9609910259,rvynoll99@seattletimes.com
337722152116,rpeterkin9a,KMhgMfb,Rosalinda,Peterkin,1980-08-08,3283317955,rpeterkin9a@bandcamp.com
337879157064,mmahony9b,P4iQtoBDt,Misty,Mahony,1975-05-24,7809732831,mmahony9b@salon.com
340346089771,bmerriman9c,yEuoRoRLovB,Bertie,Merriman,1995-12-21,8261276775,bmerriman9c@creativecommons.org
340439707812,abeynke9d,kvZQP9W95H,Auroora,Beynke,1962-10-06,6705029652,abeynke9d@gov.uk
341625502953,abircher9e,zrXyIGE34xDY,Andras,Bircher,1989-12-07,1524900567,abircher9e@elegantthemes.com
342432237439,qskehens9f,WzAYQmi3Ow1,Queenie,Skehens,1969-05-20,1152379399,qskehens9f@cdbaby.com
345723268952,cpapa9g,zsDxfVhRyS,Cleavland,Papa,1982-10-02,1105456570,cpapa9g@theglobeandmail.com
346341724402,pschaumann9h,GcIQvIVzw,Patrick,Schaumann,1991-08-15,3836008012,pschaumann9h@hexun.com
347795561025,hserrels9i,zRDM10Hn3dkM,Hendrick,Serrels,1994-03-17,4098166297,hserrels9i@tmall.com
348347108653,awoodroffe9k,GkSV1vMs2,Antoinette,Woodroffe,1995-01-08,5706913978,awoodroffe9k@mapy.cz
348740173645,jstreeten9l,jFha9vv,Jane,Streeten,1975-12-12,6822483100,jstreeten9l@wired.com
350499621247,tewebank9m,GJat5z7,Tony,Ewebank,1999-02-05,2007448690,tewebank9m@ameblo.jp
350862673853,kbubbins9n,vpu17cwBSI5o,Karie,Bubbins,1976-02-25,6426075023,kbubbins9n@reference.com
352782807920,jkill9o,wkKloIok,Jenelle,Kill,1998-01-08,3452222365,jkill9o@cafepress.com
353071188256,rhilldrop9p,qbTdiF,Reginauld,Hilldrop,1969-03-20,9156523100,rhilldrop9p@kickstarter.com
353436663215,greoch9q,8Nav6TG2,Gonzales,Reoch,1966-08-24,6342828031,greoch9q@reverbnation.com
358162844523,dblunt9r,lSO5Ri,Dolli,Blunt,1996-05-25,3894696103,dblunt9r@google.ca
361203287993,ehodjetts9s,QjhoSmWWfR,Ernest,Hodjetts,2004-08-02,7294558038,ehodjetts9s@nbcnews.com
361222462747,gduffil9t,uajuZGn,Giralda,Duffil,1987-05-14,6855730155,gduffil9t@twitter.com
361588135650,gitzakson9u,xQrhQT,Genny,Itzakson,1998-07-22,6408998792,gitzakson9u@dagondesign.com
362368293369,jokie9v,zwDuNRfO1OX,Jabez,Okie,1981-10-18,7803144050,jokie9v@admin.ch
363124218665,averlinde9w,OOEzB9qzpv6,Aldrich,Verlinde,1969-08-29,3303897123,averlinde9w@hp.com
363466453801,kjesper9x,BsvBuczfNY,Karna,Jesper,1966-03-23,8589944137,kjesper9x@yellowpages.com
365508886328,dgasson9y,GTQORbl62,Durant,Gasson,2000-01-25,1532215049,dgasson9y@miibeian.gov.cn
366773187471,bsurgeona0,bRaUlm,Brianne,Surgeon,1974-12-18,5818858675,bsurgeona0@jiathis.com
367252786785,wscatchera1,GaC029f,Webb,Scatcher,1968-01-12,4715236773,wscatchera1@github.io
367584221956,lalana2,bbJZLvU,Lynda,Alan,1978-09-20,6406310334,lalana2@addtoany.com
371851645999,nfairya3,07teM7figft,Nikolia,Fairy,1969-11-10,5453672706,nfairya3@cbslocal.com
373436444456,wdennessa4,OEsE0zzkguF,Ward,Denness,1978-08-24,2654253454,wdennessa4@go.com
373441638943,aslacka5,tloIfD,Adolf,Slack,1999-01-16,7796063170,aslacka5@tamu.edu
373721916983,alassettera6,MIgpnHX,Amandie,Lassetter,1991-10-02,6291086105,alassettera6@angelfire.com
373932617805,nmarchisoa7,Q21YSzS,Nickie,Marchiso,1975-12-21,6336522547,nmarchisoa7@flickr.com
376891252772,rchaddocka8,4NfJWk,Rich,Chaddock,1963-08-01,6651251170,rchaddocka8@cam.ac.uk
376999482789,dgillyatta9,fXTKR4,Deck,Gillyatt,1992-09-12,7608288713,dgillyatta9@jimdo.com
377377827939,bdjurevicab,wjlDersMcJ,Barbi,Djurevic,1970-09-03,2201183728,bdjurevicab@com.com
378756337240,mbaudainsac,HgNQCg4,Mic,Baudains,1971-11-15,2014648793,mbaudainsac@go.com
381128111610,hdomeae,DWHIHJBl4H,Hermine,Dome,1968-07-28,4329723797,hdomeae@google.ca
381323314146,ltwigleyaf,7PhwHeQarB,Lolly,Twigley,1984-09-13,8312387944,ltwigleyaf@wikimedia.org
381975814736,bmephamag,6L3xQkEbo,Bernadina,Mepham,1978-06-04,2149655742,bmephamag@slideshare.net
382224800231,pbetjesah,aKQxu4YD,Prudi,Betjes,1982-02-03,9897472613,pbetjesah@cam.ac.uk
383364106787,pcoeyai,ly71UeDVUvtM,Pascal,Coey,1980-08-17,3685444011,pcoeyai@cdbaby.com
385588511920,bberraneaj,bSgzy3,Brit,Berrane,1981-03-23,7059251835,bberraneaj@furl.net
390028492998,ilintotal,oiZdTsuI5b,Isidor,Lintot,1998-10-27,9913603241,ilintotal@pbs.org
390263161362,sharseam,E0s9J3nTvXRb,Stanislaw,Harse,2002-03-23,4498107220,sharseam@vk.com
390515788812,dwoodsan,kDkS3b9,Dorthy,Woods,2004-01-16,9806742132,dwoodsan@slate.com
393398807323,mdumbarao,JAPrLwS6vs,Margalit,Dumbar,1964-11-07,9861334318,mdumbarao@amazonaws.com
393766506742,nhandoverap,xHKHYpWlqj,Nicolle,Handover,1976-01-19,8029033193,nhandoverap@unblog.fr
393861084003,igoodladaq,crSRn6ASTy48,Ibrahim,Goodlad,1994-01-14,6903223498,igoodladaq@princeton.edu
394710475885,fchristinar,qUOMn6,Frannie,Christin,1991-05-02,5658963650,fchristinar@hatena.ne.jp
394834177410,rsandfordas,qn0i5ZF,Rene,Sandford,1972-11-01,5325619547,rsandfordas@phoca.cz
396194375326,bcrannyat,K2Ju1pZNnZ,Brittne,Cranny,1998-12-16,1472936207,bcrannyat@cargocollective.com
396696668041,tstokerau,e2IRdiMbCAMZ,Ted,Stoker,1962-07-31,8948549467,tstokerau@slashdot.org
398889857720,dcowwellaw,nM71BZB,Danyelle,Cowwell,1989-10-23,5742671752,dcowwellaw@wikia.com
399121764364,jvarnsax,wAnWik,Julieta,Varns,1991-10-18,3527192105,jvarnsax@biblegateway.com
399492383130,kcosteloway,AFcH7qaoyc,Krishnah,Costelow,1983-05-18,4952762370,kcosteloway@toplist.cz
399514061535,epurdyaz,fcVbJR1R,Ed,Purdy,1989-01-08,8791337675,epurdyaz@mlb.com
400013959392,ptolcharb0,kedKNrbwR59,Pris,Tolchar,1988-12-12,1016659434,ptolcharb0@ucla.edu
401712968439,imccuddenb1,AWvdJn,Isidora,McCudden,1977-01-11,3304680001,imccuddenb1@wiley.com
402694842331,vdayneb2,UQQhwY753,Viola,Dayne,1997-11-21,6112727355,vdayneb2@businessweek.com
403077397474,bmewburnb3,tuF7VJiN2FZn,Brina,Mewburn,1967-05-01,5561431638,bmewburnb3@dmoz.org
403928950042,mjuzekb4,GGAzFutwBM,Marleen,Juzek,1991-07-07,8552978436,mjuzekb4@blinklist.com
404188726807,ccockerillb5,KFWolQkE,Cassaundra,Cockerill,1968-12-01,1927314585,ccockerillb5@livejournal.com
404560067095,sjarlmannb6,rC66VWo,Seth,Jarlmann,2000-10-17,6449816955,sjarlmannb6@google.nl
406916179071,lunsteadb7,CC0KhykHZP,Leopold,Unstead,1987-12-25,8413726171,lunsteadb7@sciencedaily.com
410435473931,hdinisb8,oB5vKQ8,Haleigh,Dinis,2000-01-07,7919372892,hdinisb8@twitpic.com
410448929150,ncolerickb9,YtGQFpM,Norine,Colerick,1976-07-30,7364735309,ncolerickb9@addthis.com
411029918626,mivanilovba,4OqBWbsAt,Mitchell,Ivanilov,1981-01-11,4134329689,mivanilovba@psu.edu
411114391834,jmeasorbb,DtfHrak,Judas,Measor,1980-02-01,6156383087,jmeasorbb@biglobe.ne.jp
411404555777,ahawketbc,iI8rqP5KLN,Agretha,Hawket,1976-10-20,2303094069,ahawketbc@oaic.gov.au
411636003468,sransomebd,2hytiKc5mi,Sheree,Ransome,1968-11-11,9112508340,sransomebd@youtu.be
412936851529,bfootebf,pZT9oNz3xz6E,Braden,Foote,1983-06-01,9648891452,bfootebf@pagesperso-orange.fr
413364666769,dschimankbh,zln0HH,Demott,Schimank,2003-05-29,7025116931,dschimankbh@cpanel.net
413913637653,cdwellybi,vT5kVLG,Codie,Dwelly,2002-10-05,9442052389,cdwellybi@sfgate.com
417595245437,rshortallbl,Kdpre9A6HH,Redd,Shortall,1964-02-23,1605145293,rshortallbl@theglobeandmail.com
419015525675,lredmondbm,N0qnzojr7,Lottie,Redmond,1977-01-10,9985075020,lredmondbm@gravatar.com
419082124988,fdennisbn,eBAYdVZONn,Frazer,Dennis,1997-12-23,3186717976,fdennisbn@house.gov
420179926598,cborhambo,t1FYHl8LMw,Clark,Borham,1979-03-26,8166055102,cborhambo@sphinn.com
420269434784,fwilliambp,9f5uHUOudgD,Fulvia,William,1979-06-16,7001985436,fwilliambp@nymag.com
420638246937,mbellowsbq,4UvnkwtU,Mallissa,Bellows,1982-11-02,4805464452,mbellowsbq@theglobeandmail.com
421593713120,edixceybr,K8wVO0l,Edita,Dixcey,1969-01-22,2419151109,edixceybr@mozilla.com
421858587928,fzecchiniibs,DdlqxkhsUfZ,Francois,Zecchinii,1998-08-10,1632001658,fzecchiniibs@latimes.com
426346688427,soldingbt,ROsBsgLVis,Shaun,Olding,1990-04-12,7325724532,soldingbt@ask.com
428103210772,kdorrianbv,tMWOZJoExJL5,Kessia,Dorrian,1970-06-16,2207903061,kdorrianbv@home.pl
428446453123,lorringebw,o2vVx8,Langston,Orringe,1972-07-28,6927139612,lorringebw@hhs.gov
430473292774,mhuskbx,fUGhRB9WybU,Malissa,Husk,2003-07-24,8694988904,mhuskbx@amazonaws.com
434243459569,kdowglassby,ajUneOOzr,Kelci,Dowglass,1981-03-12,1977259066,kdowglassby@mozilla.org
434463846392,jdohmerbz,j8Ip2nE7,Juliet,Dohmer,1985-03-02,8657628011,jdohmerbz@fda.gov
434654662496,mgaukrogerc0,1QqyxOK,Matelda,Gaukroger,1977-04-01,6827892374,mgaukrogerc0@china.com.cn
437150018557,bdurbanc1,GpyzZWiE,Bord,Durban,1993-12-22,9284604396,bdurbanc1@businessinsider.com
437493277116,cscourgiec2,IIEpnkXQlj,Cassey,Scourgie,2001-05-19,8993819315,cscourgiec2@nps.gov
438074672462,selgeyc3,5fILGgAC3,Sergio,Elgey,1975-03-12,4011429653,selgeyc3@deliciousdays.com
440015379384,atafanic4,6KguaDKUwM,Alyss,Tafani,1994-11-12,6299589383,atafanic4@ucoz.ru
440865397975,diacovinic5,PyAeDPaG7U,Dorotea,Iacovini,1992-07-22,7486292753,diacovinic5@reverbnation.com
441007042188,adonalsonc6,51r7r2PQdY,Astrid,Donalson,1963-11-09,4266815021,adonalsonc6@people.com.cn
442877628103,gmarcusc8,j99hJ6ajP11,Grantham,Marcus,1992-07-27,1048235889,gmarcusc8@google.com.au
443366998051,vsmallca,5BRq9Sr,Valdemar,Small,1985-01-12,9976960102,vsmallca@scribd.com
443686619728,mbrodwaycb,nOBPiIwlynv1,Mac,Brodway,1977-07-03,3848356123,mbrodwaycb@latimes.com
443877437037,wrauprichcc,Xvkt1JTAonvN,Winna,Rauprich,2003-12-18,2544574313,wrauprichcc@slashdot.org
445790815188,lgotchce,dXx1ro9gzso,Layla,Gotch,1975-03-19,6052117563,lgotchce@whitehouse.gov
446349775498,fflodecf,Pm9SoC0VDe,Filippa,Flode,1983-03-16,6486265358,fflodecf@hc360.com
447749389923,mmclewdcg,0n7FgdsC9R,Meridith,McLewd,1981-01-22,9505420776,mmclewdcg@slideshare.net
450600073114,cmckiech,SraeCB,Candie,McKie,1970-08-12,7502229071,cmckiech@topsy.com
452060219418,kbarrouxci,tZ51M8,Karrie,Barroux,1960-01-20,9119918189,kbarrouxci@trellian.com
452101242355,sscafecj,JGLJ6j0gdLsT,Shae,Scafe,1994-09-25,4937681718,sscafecj@soundcloud.com
452359587088,kmcphailck,GVR7e7,Kassandra,McPhail,1973-06-29,9213685993,kmcphailck@acquirethisname.com
452412358633,esharrockscl,jC5ZiTJM,Elroy,Sharrocks,1970-03-31,2475637738,esharrockscl@abc.net.au
452414414694,ckiltycm,jq5EP1Zewu,Clayson,Kilty,1979-09-25,3146415362,ckiltycm@addtoany.com
455181556832,tappleyardcn,1vPVi3v,Tam,Appleyard,1988-03-06,1972535827,tappleyardcn@google.co.uk
455487346871,rmattessenco,DaDJxJ,Regen,Mattessen,1986-08-29,8764004273,rmattessenco@paypal.com
455835982480,sallmanncp,gVPEsA5J7VQ2,Sheri,Allmann,1983-05-30,4256772759,sallmanncp@scribd.com
456000359865,rnavarrocq,epUPPkM,Revkah,Navarro,1979-12-29,8816386900,rnavarrocq@hatena.ne.jp
457072827056,sohegertiecr,Ganha0YV4Z,Saundra,O'Hegertie,1976-09-24,7217276160,sohegertiecr@hostgator.com
459539597590,msnalumct,mFVghOQsJb,Morgen,Snalum,2000-07-08,9179002950,msnalumct@reuters.com
459608202760,mjoulecu,c2xR9Oia2Y9L,Matthus,Joule,1983-08-29,4796784329,mjoulecu@printfriendly.com
460919388164,ndobinsoncv,aiJ5aTgu,Napoleon,Dobinson,1982-05-13,2845643082,ndobinsoncv@bizjournals.com
464811787979,kpowlettcy,xiqbKeJKd,Karoline,Powlett,1987-07-05,1974055915,kpowlettcy@kickstarter.com
465345368152,bplinckcz,a88vFY,Batsheva,Plinck,1978-07-16,6823159056,bplinckcz@yale.edu
465395113432,mgazeyd0,wU8ULNHBNpPH,Martelle,Gazey,2001-03-13,5688576355,mgazeyd0@foxnews.com
468558244199,ceyred1,KcJnBk,Christalle,Eyre,1961-06-06,6754778542,ceyred1@a8.net
470330124405,theerond2,O1IZtaL1sJ8,Trescha,Heeron,1993-08-25,7039675557,theerond2@istockphoto.com
471836982496,mnyed4,siDhLs8Rq,Margot,Nye,1968-09-30,9561853112,mnyed4@cloudflare.com
472058391224,mbeldomd5,SJlixF8,Moshe,Beldom,1982-03-25,6355345740,mbeldomd5@google.ru
473056004684,iwillshawd6,8O0NIjA5,Issi,Willshaw,1983-09-25,3638263914,iwillshawd6@ted.com
473496074924,kpaild7,cCDjC18km,Killian,Pail,1992-02-11,2016585711,kpaild7@devhub.com
475786609387,cjermeyd8,pMOi1RJPJsB,Cilka,Jermey,1974-12-06,7058632589,cjermeyd8@dedecms.com
475950595321,gpiersed9,uyYcbiw,Gavan,Pierse,1964-10-22,2388574094,gpiersed9@de.vu
478428375568,dblanninda,jge0QKssHPbb,Dav,Blannin,2001-05-06,5861684525,dblanninda@gravatar.com
487095122216,dmoresbydb,q4VDEwQ6wyrv,Dore,Moresby,1970-10-16,1626272847,dmoresbydb@bigcartel.com
487717447966,worthmanndc,0PRYaTeWWWF,Wadsworth,Orthmann,1970-02-08,1961436879,worthmanndc@craigslist.org
488834781740,mmcilwrickdd,TNPqgiAFrjb,Minor,McIlwrick,2000-01-06,1638873518,mmcilwrickdd@ning.com
492967106917,torreyde,ZXHpbxpAJD,Terra,Orrey,1974-06-21,3132695959,torreyde@linkedin.com
493887799630,omacronalddg,MJUjtO9fss,Ole,MacRonald,1960-12-24,7144620607,omacronalddg@discuz.net
494299613651,pskudderdi,0AdlZs,Pierce,Skudder,1978-06-03,5548321626,pskudderdi@taobao.com
494660066663,aduhameldj,NCXbu44lm3mx,Ammamaria,Du Hamel,1976-05-06,7792674595,aduhameldj@alexa.com
495304162582,dscarlindk,IpKa6ZVS,Dmitri,Scarlin,1977-05-10,9199051920,dscarlindk@youtu.be
496910346921,buddendl,V6p2x98Lr70,Bryna,Udden,1985-12-13,9367928913,buddendl@linkedin.com
497119322461,espencockdm,L4LbT3TZhO0Z,Eadith,Spencock,1960-11-12,7831775158,espencockdm@reference.com
497329088351,bsollemedn,ubQTNH1PM,Bartram,Solleme,1960-12-20,9927379668,bsollemedn@prnewswire.com
498644631137,oguiledo,icR9tKM,Oberon,Guile,1986-01-04,8725357336,oguiledo@w3.org
498903164064,epickrilldp,1Lzf7Z7A,Elroy,Pickrill,2004-08-04,9513532389,epickrilldp@alibaba.com
499967208998,gmarchdq,gX11XjS7o,Galven,March,1966-08-17,1957255106,gmarchdq@newsvine.com
500130563497,mcraigsdr,vBN7AhsBHk,Mollie,Craigs,1988-10-28,5413680551,mcraigsdr@msn.com
500676387564,yevennettds,8HJQ3mAWnd,Yasmin,Evennett,1983-10-30,9391568900,yevennettds@fotki.com
504163815889,wbutdt,tlxZvN,Werner,But,2002-11-10,1725506130,wbutdt@umn.edu
504964446390,oclaphamdu,FoHWFBO,Orsola,Clapham,1996-11-29,2451932651,oclaphamdu@qq.com
506261905735,mdomenicidv,TcSeDpjiOdPz,Maxie,Domenici,1966-04-26,5026455992,mdomenicidv@shareasale.com
506512386054,ggehrelsdw,IWe7CI,Gwendolin,Gehrels,1992-03-05,9157283116,ggehrelsdw@thetimes.co.uk
507052922298,mewbanckdx,IWfxRxxm,Meredeth,Ewbanck,1963-02-17,4472337220,mewbanckdx@studiopress.com
507577047225,ncrazedy,MO51Pc,Nessa,Craze,1993-08-20,2732547823,ncrazedy@qq.com
507839606277,whillbornedz,wxdq7eEg5f,Wendell,Hillborne,1985-05-28,2983871149,whillbornedz@weebly.com
511748534461,glambale1,2s82M8beFOxx,Garek,Lambal,2003-09-25,5173563443,glambale1@wiley.com
512239044019,pburgume2,dbETpOeq,Prudi,Burgum,1997-02-06,2441538289,pburgume2@dion.ne.jp
512726275175,whyndese3,EgmezIe30HP,Wini,Hyndes,1988-10-22,4343726536,whyndese3@state.tx.us
513048677503,cellsone4,cXpo7su6P,Christoph,Ellson,1984-01-16,3912845143,cellsone4@sogou.com
513696442639,bgrubye5,WTbCYIw,Barbe,Gruby,2001-01-08,7808467838,bgrubye5@google.es
514125611732,ghartase6,1fB0rpzwA,Giraud,Hartas,1990-07-05,5413856654,ghartase6@hugedomains.com
517046881018,lrosevearee7,Iy3JEOgwq,Lemar,Roseveare,1972-11-15,9758962011,lrosevearee7@msu.edu
517322080810,cjentgense8,GED9TcsK,Caron,Jentgens,1966-03-01,2531128609,cjentgense8@salon.com
519174707220,rartuse9,DRVcnhqTf2a,Rosemary,Artus,2000-03-08,9365792200,rartuse9@devhub.com
520649612637,aredhouseea,HpTfjputjks6,Andreana,Redhouse,1981-10-20,5274291983,aredhouseea@state.gov
521170599327,gdoumerceb,B3ICa8kgA,Gwyneth,Doumerc,1961-02-28,7094717456,gdoumerceb@nytimes.com
522359392126,cgoldsterec,Icd9bIXne4a,Charisse,Goldster,1977-10-22,1178890721,cgoldsterec@fda.gov
522828927668,sfinkered,AlHIXgH,Shir,Finker,1974-09-16,9746092771,sfinkered@livejournal.com
523589519925,iseveryee,RjWlL3a5s,Isa,Severy,1999-09-07,1723202869,iseveryee@ycombinator.com
523740410814,nhansenef,xL9BgW78x,Nelie,Hansen,1976-07-21,6405358805,nhansenef@seattletimes.com
523940631694,mlinsleyeg,p7KiGhHNYc,Myer,Linsley,1997-08-08,3338883523,mlinsleyeg@admin.ch
524070016700,fdanahereh,zxMH0b,Fonz,Danaher,1996-04-19,4006691043,fdanahereh@newyorker.com
524948003434,hsloweyei,d6pJIc,Hildegarde,Slowey,1978-02-20,9669651913,hsloweyei@indiatimes.com
525412252337,llambrichtej,7o5lQtXUI,Lyn,Lambricht,1973-05-04,5417861390,llambrichtej@prlog.org
527016402897,jpollinsek,5HW6Ug6A3,Jill,Pollins,1986-09-02,3454169672,jpollinsek@state.tx.us
528079424238,tpetzoltel,N3PFJNtF,Trula,Petzolt,1994-03-30,5594114928,tpetzoltel@intel.com
528145908823,mhambridgeem,UvVR7FtFnB,Maren,Hambridge,1971-08-19,8062474111,mhambridgeem@devhub.com
528480288982,tkidstounen,31NOgtotwy90,Terence,Kidstoun,1975-03-28,5432936391,tkidstounen@hibu.com
529934732595,hsmyeeo,DRwAWstF,Husein,Smye,1982-12-10,2029556703,hsmyeeo@diigo.com
530843524644,cmckibbinep,XUPWRYYGk,Constantina,McKibbin,1997-11-18,8394188225,cmckibbinep@indiegogo.com
531752180178,lplowrighteq,5oMBCJrBbL,Latia,Plowright,1971-09-25,3919605753,lplowrighteq@ucsd.edu
531941057265,jambrodier,DdPHRApEfsBK,Jordan,Ambrodi,1973-10-31,5803206552,jambrodier@samsung.com
532098163034,sreiaches,r758IkybFW6x,Sebastiano,Reiach,1990-09-06,3727184345,sreiaches@netvibes.com
533020717777,obortolet,2ntlbkW7,Osborne,Bortol,1993-04-18,4979965315,obortolet@independent.co.uk
533763315034,crozanskieu,nejxr3bNb3H,Carey,Rozanski,1994-07-13,8641795194,crozanskieu@newsvine.com
534532539924,cparmeterev,8ENkTWiqiN,Cissy,Parmeter,1967-12-30,9808012708,cparmeterev@mapquest.com
534946414166,mkemmeew,QJggyta7,Malvina,Kemme,1985-10-04,2078636039,mkemmeew@amazon.com
537214708916,czukiermanex,2nS1TZVVhLd,Concettina,Zukierman,1973-01-31,9475836314,czukiermanex@prweb.com
539705626242,enutterey,mrh0Kl5lx,Ellynn,Nutter,1961-07-02,1905405652,enutterey@de.vu
540045427642,gspellacyez,sD7HAp3C3nF,Gates,Spellacy,1987-09-28,6717983858,gspellacyez@ifeng.com
543728723540,cheatherf0,zqXl2vFFR0,Caspar,Heather,1979-04-10,5028716517,cheatherf0@forbes.com
544609165579,ldanyf1,k15GKeDk6,Leone,Dany,1996-10-11,6722731879,ldanyf1@infoseek.co.jp
546023219132,nrackamf2,IbLKJOu2eZyP,Norman,Rackam,1986-04-01,6162752619,nrackamf2@comcast.net
549504877769,keaglenf4,HRvv6eceT,Kailey,Eaglen,1966-07-25,6791669740,keaglenf4@etsy.com
550006947498,iwimmsf6,djgknGvt,Inglebert,Wimms,2002-06-11,2105965155,iwimmsf6@si.edu
550750980755,fworleyf7,Xi1c4eIS,Freda,Worley,1997-07-20,2207793322,fworleyf7@google.ru
550850252534,kcanellasf8,WzwKoh7,Keen,Canellas,1992-12-16,7502172734,kcanellasf8@uol.com.br
551345395285,mrosgenf9,bQAiAInxJ,Melina,Rosgen,1977-11-08,7862230625,mrosgenf9@addthis.com
552325195614,dservicefa,AUjVQtVb,Dee,Service,2003-08-07,9471573137,dservicefa@ning.com
555528146613,ntandyfb,M0vQNVFB9M,Nobie,Tandy,2004-03-08,2199945038,ntandyfb@boston.com
556024529003,eferrieroifc,Tfji41nlfEYK,Elsey,Ferrieroi,1965-06-01,3864394992,eferrieroifc@spotify.com
556345442060,rmaltbyfd,XefFxJbu8j0,Ricki,Maltby,1996-08-18,7127933875,rmaltbyfd@homestead.com
556637376674,spillmanfe,gU3pvKbXpn,Steve,Pillman,1982-06-25,8874785212,spillmanfe@infoseek.co.jp
558264432579,clethleyff,yan447l,Caresa,Lethley,1970-05-02,6025663077,clethleyff@cam.ac.uk
559377771965,dspeirsfg,5bbkSMn,Delano,Speirs,1967-12-12,6475803988,dspeirsfg@1688.com
561147504015,spounderfh,ZD0g02,Sandro,Pounder,1990-06-11,5796626834,spounderfh@tripadvisor.com
561152284789,vcreberfi,TjppyARcNd,Valaria,Creber,2000-08-17,5165900205,vcreberfi@gizmodo.com
561230102493,egardinerfj,4hHlSa4K,Ellwood,Gardiner,1969-10-30,9175922369,egardinerfj@blog.com
561534189888,udsouzafk,wR5h0jV,Umberto,D'Souza,2004-10-13,7044762173,udsouzafk@ustream.tv
561712479376,sgoblefl,XQ5Iih,Sheri,Goble,1968-07-16,6018934698,sgoblefl@dmoz.org
562138543551,atallowinfm,pw1D4g,Ailey,Tallowin,2000-03-13,4879427769,atallowinfm@spotify.com
565746405919,mnesbyfn,qUZyBAUZ,Marcile,Nesby,1964-06-02,7458957020,mnesbyfn@devhub.com
568340030916,credolfifo,mSrTxy,Chancey,Redolfi,1974-10-30,7083867395,credolfifo@craigslist.org
568701575233,tkleemanfp,nazWV3ErRt,Teodorico,Kleeman,1994-01-10,8153842649,tkleemanfp@usa.gov
568864138138,pgrouerfq,Zdfq5hx,Perry,Grouer,1987-09-16,4732718446,pgrouerfq@nih.gov
569052044590,iquenbyfr,ArViahg4NgyP,Ida,Quenby,1960-10-29,8162154847,iquenbyfr@mapquest.com
571328701172,bthomssonfs,RzRFItGvBCw9,Brandie,Thomsson,1962-06-28,6627752936,bthomssonfs@imageshack.us
571421104509,dbatramft,JWXxYHZ7Yi1O,Dodi,Batram,1993-12-21,1087378096,dbatramft@sfgate.com
572265201020,lkestianfu,zjPvnP17,Lisha,Kestian,1996-08-06,9991438150,lkestianfu@geocities.jp
573181886302,sdrakeleyfv,btSlZ8LGFe7,Shermy,Drakeley,1987-06-04,2824482978,sdrakeleyfv@yahoo.com
576757897314,nburgottfw,OKtUFM9hyo,Nehemiah,Burgott,1976-04-05,7165067721,nburgottfw@wikipedia.org
577335352907,kphilipponfx,9X2b1C,Kerrill,Philippon,1962-04-04,6478556056,kphilipponfx@cargocollective.com
578716233163,mmeiningerfy,xYrQqWoLoQ,Maurits,Meininger,1995-11-05,9666112926,mmeiningerfy@cam.ac.uk
579884933554,dcawtherayfz,xw9h1WWYn16,Delmar,Cawtheray,2001-01-19,9474543712,dcawtherayfz@usatoday.com
580018328710,dperottg0,9jUZmHFHqDY,Deane,Perott,2000-10-16,2151664328,dperottg0@multiply.com
580343903266,hbischofg1,i4TcZDN2,Henrie,Bischof,1977-01-23,4695815241,hbischofg1@google.ca
580435320902,cshoppeeg2,fdbRVmSp,Cello,Shoppee,1995-07-24,3641298431,cshoppeeg2@umn.edu
583183068456,hdeathg4,9ycFEJ1EDlV,Hyacintha,De Ath,1962-08-29,9936652405,hdeathg4@nytimes.com
583267900014,wperrotg5,nuZCS4,Westbrooke,Perrot,1960-10-26,7973155805,wperrotg5@howstuffworks.com
586530243910,kfouldesg6,BJNMaLgWUQt2,Kaylil,Fouldes,1968-05-15,6821880782,kfouldesg6@google.co.jp
587224984547,hfoleyg8,tPJw3FhCA,Hildegaard,Foley,1975-07-16,5487920769,hfoleyg8@youtube.com
587478211267,espensg9,Lu8VcrTBEAiA,Eulalie,Spens,1997-03-17,7119181787,espensg9@webmd.com
589338559554,ffrancilloga,4FfCBJs,Fonsie,Francillo,1960-01-17,7479100667,ffrancilloga@ning.com
590840814616,zbarghgb,zOQ8s5solNhe,Zia,Bargh,2002-12-10,7917942388,zbarghgb@simplemachines.org
596607989415,cgillbanksge,liEvfhZRPDsD,Carissa,Gillbanks,1977-02-02,5934018004,cgillbanksge@adobe.com
600451014521,celnorgf,QlvMer,Chelsie,Elnor,1977-12-29,8003846925,celnorgf@chronoengine.com
601215470070,mperulligg,rwAjuesRe,Marty,Perulli,1982-10-10,4335298630,mperulligg@creativecommons.org
602126904195,cbasnettgh,YIj57W3XIAhn,Cece,Basnett,1978-04-01,1874801125,cbasnettgh@paypal.com
603598194576,wliberogi,YsLe0dj2,Wanda,Libero,1976-12-31,4793735972,wliberogi@linkedin.com
603792606967,mbrislangj,qGNlgX,Mindy,Brislan,2000-09-02,3827122743,mbrislangj@house.gov
605481121894,hpanksgk,EaeQfa,Harri,Panks,1995-04-15,7164499649,hpanksgk@europa.eu
605672577515,esaycegl,7n1kJ6K,Early,Sayce,1977-08-17,6121048398,esaycegl@vimeo.com
605850745616,ldietmargm,GiE4zc7m,Lacy,Dietmar,1979-10-12,5336199088,ldietmargm@adobe.com
606027913641,ipeasnonegn,z7OwIU,Izaak,Peasnone,1967-08-25,1022791104,ipeasnonegn@army.mil
606277934774,fpallantgo,MovoOd7x0r,Fifi,Pallant,1973-05-06,5842491442,fpallantgo@jugem.jp
606512811664,ncockinggp,Sb9qaaRiELMY,Normand,Cocking,1961-12-04,4862641534,ncockinggp@blogtalkradio.com
607583118482,pcrackettgr,yod4AFceQ,Philipa,Crackett,2001-01-27,8488724274,pcrackettgr@ovh.net
607872213180,tthumimgt,wDXTYCsI,Theresa,Thumim,1998-04-02,6299173866,tthumimgt@stanford.edu
608475129737,jsiggerygu,byl1JxQ,Jourdan,Siggery,1997-08-17,4842578187,jsiggerygu@uiuc.edu
609302048980,xhawkyensgv,Qx4ULYSuZ,Ximenes,Hawkyens,2004-06-23,7549994353,xhawkyensgv@qq.com
610330501695,csummersbygw,1c8tOR81r,Candide,Summersby,2001-05-05,6866774268,csummersbygw@plala.or.jp
610839678588,achastergx,wZRwdYg3jc,Alisander,Chaster,1969-06-19,8722962884,achastergx@comsenz.com
611172066718,eabdengy,7hZ24g5,Elwin,Abden,1984-05-12,6636754979,eabdengy@rambler.ru
611678162273,aearneygz,AAPN8i7s,Ardith,Earney,1978-10-07,4147137423,aearneygz@va.gov
611874385317,areddishh0,wrAkzJ,Adara,Reddish,1994-05-25,2277093282,areddishh0@blogs.com
613759435230,hcomussoh1,TtOOhU,Helge,Comusso,1983-05-16,6836850689,hcomussoh1@weebly.com
613763235417,mryceh2,UUk8uUsT,Morgana,Ryce,1963-07-04,2517240634,mryceh2@webs.com
614863882871,amanochh4,Lbhwkr,Arri,Manoch,1993-09-07,5121316614,amanochh4@exblog.jp
616752495092,cnesbyh5,UVPO33awbmtl,Carlotta,Nesby,1993-05-06,9629189433,cnesbyh5@bravesites.com
617984409166,mwoollinh7,QpDRvWb,Maryrose,Woollin,1975-02-12,6719736459,mwoollinh7@booking.com
618173698233,marboineh8,uMkSpMEZW,Marchelle,Arboine,1960-04-27,6864083638,marboineh8@people.com.cn
619259408772,llathwellh9,Fd6LXenT,Lynnet,Lathwell,1970-03-07,7831171698,llathwellh9@princeton.edu
619637311612,qsarjeantha,PXAwkBKKg,Quintina,Sarjeant,1977-10-23,8022357317,qsarjeantha@jalbum.net
620619699085,gklasenhb,eE5vQczGC6IZ,Gratiana,Klasen,1994-06-01,6499160538,gklasenhb@constantcontact.com
621284307356,epadefieldhc,og43ujyiC,Eli,Padefield,1978-12-09,3921025027,epadefieldhc@geocities.jp
622431554096,ujeffrieshd,VwnjbQS5Qq,Uri,Jeffries,2002-08-31,8229864647,ujeffrieshd@google.pl
622713675577,tpipehe,rxiNIC1HvD,Timotheus,Pipe,1985-01-03,1128400277,tpipehe@samsung.com
623318071268,jscadinghf,eqrHc3,Joyce,Scading,2004-06-20,9771516041,jscadinghf@ow.ly
623961623215,vbaylishg,Z2sD2Q,Vivianne,Baylis,1981-05-28,9337077850,vbaylishg@latimes.com
624277787332,fyoellhh,sGPxBGm,Flo,Yoell,1975-11-26,7914041270,fyoellhh@icio.us
624374014180,dmcgeachiehi,63MycSL1,Danila,McGeachie,1983-04-08,6653381795,dmcgeachiehi@theatlantic.com
624626155319,tvedeneevhj,ThHRCCGEyT5h,Tasha,Vedeneev,1976-02-06,9223808111,tvedeneevhj@scribd.com
625508202322,pgooleyhk,NtrurJefnt,Phelia,Gooley,1960-03-18,8182237203,pgooleyhk@wunderground.com
625513127352,bpoynterhl,MrJCMSUza,Brooke,Poynter,1973-05-24,1824480990,bpoynterhl@surveymonkey.com
627885484750,lmeaseyhn,C3mtBw09zxr,Laural,Measey,1978-10-05,5207294803,lmeaseyhn@nature.com
627929771309,rtommeiho,PFlVyu5ZPgBl,Rosemaria,Tommei,1999-08-29,9599609387,rtommeiho@msu.edu
628132635417,cgrimwadehp,48itIb5ig7R1,Cosimo,Grimwade,1998-02-10,9111534072,cgrimwadehp@mac.com
629765614989,rdenmeadhq,zpneoA,Rosaline,Denmead,1977-02-03,6026745410,rdenmeadhq@nbcnews.com
630455277331,kvanninihr,Pzht8xSd4nU,Karrah,Vannini,1962-10-16,9795601670,kvanninihr@123-reg.co.uk
631099807906,dgulberght,LDlnYCU9ut,Dinny,Gulberg,1970-10-06,3125443111,dgulberght@google.fr
635822811737,rculkinhu,7LVqvg,Reinwald,Culkin,1967-04-26,4281346448,rculkinhu@wordpress.org
636795023786,rkermodehv,186kjL,Ryan,Kermode,1983-07-22,4149355066,rkermodehv@dailymotion.com
636895926451,hwainhw,A4qkAOTlV7b,Hertha,Wain,1978-04-19,6108674216,hwainhw@about.com
637688110983,mdomehx,IpPOw0,Myrta,Dome,2001-10-19,1317112469,mdomehx@cnn.com
638188837730,tharvisonhy,o5FDg3,Tommie,Harvison,1999-01-31,8371310376,tharvisonhy@cam.ac.uk
638383653612,rscamadinhz,zIuNBG2D,Robbie,Scamadin,1989-05-05,8135622956,rscamadinhz@mtv.com
640196590546,rbowtoni0,PzZekJ9V,Robby,Bowton,1994-08-10,9578601243,rbowtoni0@youtube.com
640693047608,atibolsi1,2KPEVymgKV,Ashia,Tibols,2001-12-25,6086121855,atibolsi1@dmoz.org
642138159650,kcushi2,HXsZmNjY3Y,Kenon,Cush,1966-07-13,8793856827,kcushi2@bigcartel.com
642821455381,hdackei3,kTr1y2,Hildagard,Dacke,1983-04-30,5048882283,hdackei3@canalblog.com
644253128368,apughsleyi5,frPQLnvUrizz,Allie,Pughsley,2002-01-22,3517678885,apughsleyi5@hexun.com
644308321823,dtezurei6,obTRa0u,Doretta,Tezure,1985-04-25,9751800358,dtezurei6@foxnews.com
644691167448,kcloutei7,ifrIb6Ob,Kerk,Cloute,2000-07-10,5604267728,kcloutei7@army.mil
645148642577,psigharti8,Q8vdDRubN2vj,Peyter,Sighart,1978-08-22,3626955969,psigharti8@slashdot.org
646989200117,sbrandesi9,JyZehaWvB,Sabra,Brandes,1984-01-27,7163120417,sbrandesi9@51.la
647535002658,sgotcliffeia,MmtKSOwWBS,Shay,Gotcliffe,1981-10-26,4151583639,sgotcliffeia@youtu.be
651350804816,afomichkinib,7lDLNgiFPj,Akim,Fomichkin,1968-05-09,6065760655,afomichkinib@spotify.com
653809577245,sbrownillic,0x4j3BxNLu,See,Brownill,1961-10-16,2253601303,sbrownillic@marriott.com
654516207433,bbethoid,BJWlharaQoWY,Bengt,Betho,1996-06-22,6431026123,bbethoid@livejournal.com
654884493238,wdeschelleie,fHjTkFN3,Walsh,Deschelle,1968-04-30,9164488423,wdeschelleie@gizmodo.com
657775644522,fbarensenif,9efJDLMCclXu,Freemon,Barensen,1987-07-14,9799497564,fbarensenif@cnn.com
659662162076,edengeig,eIZn0L8,Englebert,Denge,1976-01-21,1769332227,edengeig@wordpress.org
659713618314,ejessopeih,mTZW3kZwb7,Elyn,Jessope,1996-10-21,4845657689,ejessopeih@booking.com
660154721433,aelpheyii,RAWXKP,Auria,Elphey,1996-12-28,8275755175,aelpheyii@theatlantic.com
660529422244,kkettsij,lyM7ZO1,Koral,Ketts,1986-06-15,2583647860,kkettsij@tiny.cc
661610870310,cskpseyik,x0rcmaT7s,Crosby,Skpsey,1989-05-15,5657629042,cskpseyik@dropbox.com
661752637108,slamasil,FuQ7BE5O,Shanda,Lamas,2004-09-22,8058291701,slamasil@de.vu
662342203843,wmacroryim,h9Ld9m,Westbrooke,MacRory,2004-09-29,9761513101,wmacroryim@diigo.com
664503071077,fmchalein,xEoNjDZy,Flinn,McHale,1987-02-25,7422489043,fmchalein@merriam-webster.com
666162665702,mrenboldio,U7g7bawRVEGI,Monro,Renbold,1985-01-23,4071214114,mrenboldio@ft.com
666192058022,cgorghettoip,axhrcr,Clyde,Gorghetto,2002-05-19,7912446322,cgorghettoip@facebook.com
667192976955,glipscombeiq,EP9qdjJNxh,Guthrie,Lipscombe,2001-02-26,6245004831,glipscombeiq@noaa.gov
667385178610,gbulbeckir,hpBK3w,Gabriello,Bulbeck,1986-12-18,7967320398,gbulbeckir@hugedomains.com
669117457763,cspatariis,C57H5nivfdy,Cara,Spatari,1980-10-30,4025951913,cspatariis@rediff.com
670488648996,dphelanit,dG4kMZPL,Dre,Phelan,1993-05-28,9902378519,dphelanit@globo.com
674947526594,hpetcheiu,KxQ1ryw5,Hermon,Petche,1960-12-24,5919258838,hpetcheiu@hibu.com
675864419151,nfieldsendiv,WI2g9Nh,Naomi,Fieldsend,1999-06-08,3652826183,nfieldsendiv@hubpages.com
677843107451,bbaigrieiw,8djZ2Zyv,Binni,Baigrie,1978-09-19,2315820073,bbaigrieiw@pen.io
679282488786,mmclearyix,MggFdE3iYKid,Merwin,McLeary,1992-04-15,7364995857,mmclearyix@aol.com
679375598742,dnationiy,n3uoPuYX07,Dacie,Nation,1984-02-22,5377744565,dnationiy@mapy.cz
679629432089,mellseiz,cJn78XHeA9o,Mareah,Ellse,1973-01-19,6904383645,mellseiz@wikipedia.org
679662922509,bmoverleyj0,XiHUo5Vy,Boniface,Moverley,1975-12-24,8189394146,bmoverleyj0@nifty.com
679952248100,gwilcej2,BfSdAvE,Gene,Wilce,1989-04-23,4768597614,gwilcej2@parallels.com
680133238292,chumesj3,ubAfyfcze1K,Carlene,Humes,1989-10-09,6729852028,chumesj3@blogtalkradio.com
680233331437,cbosmanj4,t92NZegOaTWC,Caldwell,Bosman,1961-01-17,9347497769,cbosmanj4@mit.edu
681531865986,dduffetj5,rhis9bPBUr,Deonne,Duffet,1982-06-06,5967506023,dduffetj5@csmonitor.com
683835551551,hfrankissj6,s0ueXshBMK,Honoria,Frankiss,1960-02-17,2537930620,hfrankissj6@gravatar.com
684561457932,kscarfej7,N0tVSh,Kiri,Scarfe,1967-07-19,5483312128,kscarfej7@sbwire.com
686477111918,pgertrayj8,c1Op6aSct1JK,Pail,Gertray,1995-01-17,6439450740,pgertrayj8@goo.ne.jp
688543306543,egilbeej9,dwlvOu3k,Egon,Gilbee,1989-08-20,1696828229,egilbeej9@bbc.co.uk
689053484465,mskeinja,oIXXo6cxiS,Marena,Skein,1978-10-14,3259188637,mskeinja@godaddy.com
690714655257,wmollnarjb,6Ojr3EIZR8L,Willis,Mollnar,1962-06-01,5377651253,wmollnarjb@cnet.com
691184165359,rfriseljc,htBfe5g5,Roldan,Frisel,1968-10-01,9528631188,rfriseljc@newsvine.com
692319766009,dtruinjd,zzegylydwj,Dru,Truin,1970-11-05,9792416990,dtruinjd@flavors.me
692742414899,oribyje,z9RqfW,Orel,Riby,1973-02-15,1007540713,oribyje@businessweek.com
694657866171,kmessagejf,vLa97xv1EFs,Keri,Message,1989-03-24,8595966342,kmessagejf@friendfeed.com
695778614033,rsellanjg,IFTHgNQrQ,Reinold,Sellan,1993-11-26,8737518872,rsellanjg@dyndns.org
696422572053,hfullickjh,xh8yuq,Hobard,Fullick,1962-02-07,7939328286,hfullickjh@arizona.edu
697409738164,aheapeji,gzoQauF,Alexia,Heape,1993-06-13,2249175104,aheapeji@ow.ly
700318469060,kthomassinjj,7uqp18KSBXGY,Kissee,Thomassin,1963-04-29,4141910757,kthomassinjj@macromedia.com
700371301319,mmckeighanjk,lGrHhu9mSucL,Melesa,McKeighan,2004-06-07,1097716197,mmckeighanjk@amazon.co.uk
701033137335,eyoakleyjl,2dhoSZ,Eadie,Yoakley,1978-01-29,9397184128,eyoakleyjl@taobao.com
702312670197,mgasconejm,Qoet2u,Merill,Gascone,1966-07-14,5517160939,mgasconejm@omniture.com
702358582213,mdeverejn,STzTENJys,Meara,De Vere,1995-02-22,9705734678,mdeverejn@state.gov
702876742580,jrhymerjo,Z41rSEitpJ,Jasun,Rhymer,1998-10-16,5409267793,jrhymerjo@cargocollective.com
703024730323,tgallihawkjp,CrByzrX3zdYH,Tresa,Gallihawk,2002-05-17,8849696388,tgallihawkjp@ezinearticles.com
703166403051,bwoodardjq,SrGthM5,Bell,Woodard,1997-02-19,9533109420,bwoodardjq@symantec.com
703632164995,bsuthereljr,Z5h5L10hl,Brannon,Sutherel,1960-04-14,3787015465,bsuthereljr@marriott.com
704996723845,ugerranju,FPvvGDl,Udell,Gerran,1991-02-05,4651718661,ugerranju@wsj.com
706823138222,bdrewesjv,7TjuIllxWI,Brew,Drewes,1986-06-03,7436914941,bdrewesjv@amazon.co.jp
707389676395,emoulsdalljw,S3R2t2JWgtjp,Elsa,Moulsdall,1989-03-24,9349368356,emoulsdalljw@yellowbook.com
708155274261,bipplettjx,ykfhEqd3,Bobbie,Ipplett,1988-05-04,3657951269,bipplettjx@github.com
708326476576,sceccolijy,3OMf9bzpWaF2,Suzi,Ceccoli,1986-12-23,2003135253,sceccolijy@51.la
708751997004,sspinolajz,1gC82Aa,Silvio,Spinola,1984-05-04,6924905190,sspinolajz@berkeley.edu
709851112251,mmalhamk1,p0rWJTA,Martica,Malham,1995-04-21,6788298169,mmalhamk1@so-net.ne.jp
711517048931,cgallimorek2,0RlOPi,Cyndi,Gallimore,1970-12-21,3289247973,cgallimorek2@diigo.com
711971487458,wtownendk4,8zazcsEm,Wayland,Townend,1987-03-13,7563569455,wtownendk4@ocn.ne.jp
713226489270,igallatlyk5,jyfbh9,Isa,Gallatly,1970-06-20,4339434496,igallatlyk5@umn.edu
713389942188,thanksk6,A1mwcewYy,Tracie,Hanks,1976-09-08,4917849087,thanksk6@economist.com
716474492730,tbickerk7,6uLTKKoG14,Torey,Bicker,1974-07-22,6262092558,tbickerk7@about.com
716641976374,stwiningk8,6iNB1vzu,Silvano,Twining,1994-10-05,3698581692,stwiningk8@friendfeed.com
717894055734,ylancettk9,LnUpLILW62Lz,York,Lancett,1992-12-25,3191777173,ylancettk9@example.com
720095691435,bstreetska,6hcNqt2a,Bearnard,Streets,1962-04-30,4166533924,bstreetska@java.com
720821855593,aiansonkb,Bub4IXwO6,Amanda,Ianson,1992-08-18,5732626796,aiansonkb@bluehost.com
721590556011,bevequekc,25RF0c2a5oOg,Bethany,Eveque,1987-08-03,3086117539,bevequekc@blogtalkradio.com
722160351806,ndaykinkd,FY9r5pURu4,Niles,Daykin,1988-03-14,3487550165,ndaykinkd@statcounter.com
725574958599,crichardonke,7VM63CMpmR,Chalmers,Richardon,1970-01-05,8998209276,crichardonke@freewebs.com
726933530765,wdioniskf,rxl5j5rY1,Waiter,Dionis,1986-04-28,6322188247,wdioniskf@bloglovin.com
728093785180,pvangokg,TNmvvF7,Pete,Vango,1965-09-04,4885359681,pvangokg@fema.gov
728356308945,bdemariakh,ycaDn9BZv,Belicia,De Maria,2000-02-27,7119065646,bdemariakh@cdbaby.com
729181151587,mtheodoriski,VttKvF,Marline,Theodoris,1972-06-27,6841990027,mtheodoriski@go.com
729186585224,fswiggkj,lcWZVJ,Franciskus,Swigg,1985-01-28,5325775478,fswiggkj@shop-pro.jp
730232926532,epetrenkokk,TPuOLDSYdN,Elsbeth,Petrenko,1983-12-13,8109014315,epetrenkokk@bigcartel.com
731151612883,dcoulthardkl,05keW3pXBdu,Dougy,Coulthard,1990-01-24,5412995386,dcoulthardkl@nationalgeographic.com
735213772447,echewkm,FnvyNr,Errick,Chew,1992-09-30,4783772848,echewkm@archive.org
736500036447,naskamko,Gt5Vs4aq4,Nehemiah,Askam,1994-02-09,5527451453,naskamko@netvibes.com
739421445653,cspirakq,mSmmkSEG2ZlO,Connie,Spira,1999-09-26,4559481652,cspirakq@wikimedia.org
739627173803,jtreacherkr,Tpixza5bi6,Jeanna,Treacher,1991-12-01,1204714865,jtreacherkr@prweb.com
744950982554,nscurrellks,bnz732tt,Nicholle,Scurrell,1984-07-04,1945992822,nscurrellks@indiatimes.com
746390838212,mteglerkt,dMKVzysY,Massimo,Tegler,1989-01-16,1534002973,mteglerkt@homestead.com
746436838461,rainsburyku,QaSOp6,Roxanna,Ainsbury,2001-10-10,7953675768,rainsburyku@dot.gov
748180018177,dgilfillankv,Zy6sjO,Dyana,Gilfillan,1965-03-15,4999188351,dgilfillankv@ovh.net
750329835775,glisamorekw,BivsBoD,Gwendolyn,Lisamore,1963-12-12,5421990057,glisamorekw@photobucket.com
751429016229,cphetheankx,iJ9QitU4KPb6,Camala,Phethean,1976-11-30,8137920803,cphetheankx@wordpress.org
751460634107,cwythillky,ZGzQuddnaw,Cora,Wythill,1985-03-23,7552715446,cwythillky@timesonline.co.uk
751847278623,esampsonkz,aTMI9T2s,Elga,Sampson,1969-01-04,7342538658,esampsonkz@theguardian.com
754955581081,tcornul0,vvCuUeGSp,Tremayne,Cornu,1964-02-20,3603187243,tcornul0@dell.com
755938167902,rgissingl1,gsiOqzBjCt4,Rem,Gissing,1978-11-20,3568760748,rgissingl1@blinklist.com
756572939494,pvawtonl2,lseF0QLif,Prinz,Vawton,1994-01-07,1911957909,pvawtonl2@alibaba.com
756802674432,rzarbl3,xCTtd4sLi,Rudyard,Zarb,1984-10-29,5877877245,rzarbl3@va.gov
757550925334,cpolll4,GM5aclJ,Chantal,Poll,1960-06-25,7005543287,cpolll4@wiley.com
758015023358,speroccil5,aYNSzoL,See,Perocci,2000-02-05,5335363750,speroccil5@friendfeed.com
758217861679,mputleyl6,FbEjQj7OWoQ7,Munmro,Putley,1986-04-30,4889484813,mputleyl6@4shared.com
761609770712,aparkinl8,dpW984OqP,Aldrich,Parkin,1994-01-08,4596005135,aparkinl8@cmu.edu
761861231127,mbagbyl9,1tDTII,Mil,Bagby,1999-04-27,4846093087,mbagbyl9@baidu.com
761992414414,lschooleyla,3BcKqpnbc,Lucinda,Schooley,1979-05-25,8492238077,lschooleyla@usgs.gov
762345631822,awythelb,OhSoxbDUQP,Austin,Wythe,2004-09-29,5181801784,awythelb@sina.com.cn
763222959584,trainfordlc,VIMNUFpV4,Trixy,Rainford,1991-07-22,8284364210,trainfordlc@uiuc.edu
768649514024,ehalmslf,WIAQlZRNMMu5,Ebony,Halms,1984-04-04,2101692837,ehalmslf@networkadvertising.org
770430832931,aannetslg,zixRp8RJx,Alyosha,Annets,1994-12-03,1327676585,aannetslg@sun.com
772706457160,clambolelh,dtViJc0fl9,Carlee,Lambole,1975-06-05,2947111991,clambolelh@altervista.org
773865512366,ebattieli,04MWJfhQvwma,Evania,Battie,1982-01-28,6549349502,ebattieli@so-net.ne.jp
775209071244,dthorburnlk,Ntz0RnBsVp,Dara,Thorburn,1970-05-13,4126438717,dthorburnlk@europa.eu
775214336512,tdourinll,IBzn7c6lIEV,Trefor,Dourin,2001-12-24,6373145255,tdourinll@seesaa.net
778910867812,wsellnerlm,wg0aCBMN,Wini,Sellner,1992-12-19,7904947086,wsellnerlm@weather.com
781593599919,gbarrowsln,gSfpktNE,Gawen,Barrows,2002-07-30,4748443995,gbarrowsln@mac.com
781716988941,alannenlo,GdyTqn,Angelo,Lannen,1969-12-28,1578413735,alannenlo@unblog.fr
783118249578,ageraldilq,TRobkK8jyGxG,Arny,Geraldi,1963-08-05,7609868019,ageraldilq@bluehost.com
783495937301,rwhalleylr,qolvX3h,Ronnica,Whalley,1965-10-12,3537055598,rwhalleylr@salon.com
784808581133,cwonforls,WkuB2C,Christie,Wonfor,1964-09-30,4512383496,cwonforls@nasa.gov
784958854100,swroughtonlt,te4zne65ntQ,Stavros,Wroughton,1998-02-02,8527508320,swroughtonlt@trellian.com
784968216036,ahenighanlu,wAoFXFUX,Aurel,Henighan,2003-10-29,8908608862,ahenighanlu@phpbb.com
786162637622,ipeacelv,Je03wH2Q,Irita,Peace,1963-09-08,1371860060,ipeacelv@home.pl
786215422764,dsmylielw,xbujscktaQ2,Dalt,Smylie,1973-08-03,5996995356,dsmylielw@twitpic.com
786507849738,bskippinglx,LkBgHeRu,Benetta,Skipping,1980-12-17,7087441263,bskippinglx@about.me
788551045975,cshannahanly,Gsnxvps,Christos,Shannahan,1977-05-03,1758036286,cshannahanly@discuz.net
789063008696,tlemmenslz,dg34084vaBt1,Thorpe,Lemmens,2003-07-06,3071709728,tlemmenslz@sbwire.com
789586033800,lelacoatem0,Claeszz5q3,Lazaro,Elacoate,1971-05-10,9599523660,lelacoatem0@rambler.ru
790070031478,dfrodshamm1,7vo3X3rNiAh,Doris,Frodsham,1982-12-09,3338343681,dfrodshamm1@digg.com
792212122430,sfaillm2,lht9j5m,Sharon,Faill,1974-08-03,4263552297,sfaillm2@si.edu
793007413838,rtiemanm3,LUJvR4,Raviv,Tieman,1975-10-10,3138491725,rtiemanm3@bloglovin.com
794406919383,mrodbournem4,pJqPSgtq,Myrle,Rodbourne,1995-10-21,4223860767,mrodbournem4@reference.com
795685747039,iwoolrichm5,VzCFe8bcvQE,Iris,Woolrich,1990-02-26,2189689376,iwoolrichm5@noaa.gov
797600339977,cmewburnm7,ZkGNmr7jw,Clarence,Mewburn,1999-01-15,6212128569,cmewburnm7@illinois.edu
797907117519,rsouthwardm8,asVzMkMJNd,Rab,Southward,2003-03-12,1935372065,rsouthwardm8@nba.com
799071359342,csneddonm9,0PI9w16Yuzq5,Cathyleen,Sneddon,1983-01-27,4858117795,csneddonm9@unicef.org
800425194429,lmelonbyma,tDcjQaI,Lissi,Melonby,1979-11-15,5281428081,lmelonbyma@eepurl.com
803071639172,pcosleymb,re7abyus3ak,Phebe,Cosley,1972-09-24,8719961230,pcosleymb@skype.com
803075033221,bbrayfordmc,Fo2ax5XbO,Briano,Brayford,1961-05-26,6925343215,bbrayfordmc@independent.co.uk
803797529451,bdivillmd,MnH1AI7BF,Broddy,Divill,2002-08-29,4891951314,bdivillmd@oaic.gov.au
805260705176,nspurdonme,lsDOHsH,Norine,Spurdon,1980-09-06,4531740648,nspurdonme@cmu.edu
806333441587,lpreblemf,XLDY7iS5DtM6,Lilly,Preble,1993-06-08,6867155240,lpreblemf@huffingtonpost.com
808830789638,jlantophmg,kYnmnYXT,Jaime,Lantoph,1965-09-02,2593213626,jlantophmg@ucoz.ru
810107822512,egallantmh,dhV87U2jHl,Egan,Gallant,2002-12-17,5025758491,egallantmh@nhs.uk
811257538787,jpudseymi,GtZRRT,Jerrie,Pudsey,1966-09-25,4528410616,jpudseymi@youtu.be
811527637521,rfiggessmj,IZrWkR6F,Reba,Figgess,2003-06-15,4928764022,rfiggessmj@joomla.org
811600931835,wgrastyemk,eRIUz64MMl,Wilburt,Grastye,1970-05-23,8309286899,wgrastyemk@mashable.com
811826887853,hscrannageml,BTuvvVWo8,Hedwiga,Scrannage,1961-11-03,4198414684,hscrannageml@cisco.com
813890886058,heyersmm,7HHWFz7i5WDP,Hedi,Eyers,1992-09-18,2076510015,heyersmm@feedburner.com
814369673427,wtullymn,V7iTkmq,Winona,Tully,1978-08-08,8992404670,wtullymn@vinaora.com
814676801937,gattriemo,rD9HP6l5P,Gib,Attrie,1991-08-06,7281602789,gattriemo@wix.com
814865456885,sannablemp,bTpHsdws,Shell,Annable,1971-04-01,2268543297,sannablemp@dailymotion.com
815089041059,ugoodenmq,YEgPrBZ163,Ulrick,Gooden,1966-02-04,6671750606,ugoodenmq@earthlink.net
817223980227,gmacmenemymt,HOek5tqKYg6c,Gabriell,MacMenemy,1960-07-12,8166647959,gmacmenemymt@prlog.org
817782375474,mgrollemu,wIzXkeq2t,Margie,Grolle,2000-11-08,5412509065,mgrollemu@nydailynews.com
818946182613,mlabernmv,lSJdeY,Mendel,Labern,1995-05-23,4205626193,mlabernmv@wiley.com
818979612637,jwickwarthmw,0OyD5ieaP,Jim,Wickwarth,1969-10-31,5861728831,jwickwarthmw@surveymonkey.com
819662498397,btamemx,EDq5R2Dxh,Brent,Tame,1963-05-13,2859333002,btamemx@bluehost.com
819742994557,jdenshammy,GOUR68iJ,Job,Densham,1971-03-18,4189841819,jdenshammy@zimbio.com
821470911894,mmccallumn0,K8vknOKDD,Melisent,McCallum,1999-02-11,6773001500,mmccallumn0@utexas.edu
821739574960,hleedn1,mNXq6BMU,Harcourt,Leed,1978-11-08,2014628841,hleedn1@wikipedia.org
821834240932,vbiscombn2,poiUQdzdIKu1,Vale,Biscomb,2002-05-06,4275887412,vbiscombn2@irs.gov
821846373472,mcuppittn3,f2vCDyIzY,Molly,Cuppitt,1985-03-29,6568915439,mcuppittn3@opensource.org
826824695081,brayburnn5,ej84WP,Belia,Rayburn,1980-01-03,9067786438,brayburnn5@blogger.com
826932851690,swintourn6,sDKcuPl,Sheela,Wintour,1981-03-09,6848546348,swintourn6@google.com.au
827170240331,ibiddulphn7,vXJXEYy,Isobel,Biddulph,1994-05-01,2261911021,ibiddulphn7@cdbaby.com
827655633980,kroumiern8,WO6Sl4cVbf,Karyl,Roumier,1977-02-27,9387711248,kroumiern8@kickstarter.com
828039292832,kstodhartn9,tx8qNIjFv,Kara,Stodhart,2003-05-14,9031047291,kstodhartn9@posterous.com
828182866632,tlaylandna,gsBP8WE,Tuck,Layland,1965-01-24,4925351292,tlaylandna@delicious.com
829371559847,gfowleynb,FImWkiJ4Uzi,Geri,Fowley,1984-03-20,2724680283,gfowleynb@ted.com
831001464456,imantrupnc,esGzF7d,Iggy,Mantrup,1991-09-09,6994982456,imantrupnc@wikipedia.org
835829908111,chendrixnd,snMnGTR,Corrina,Hendrix,2004-10-06,6982091319,chendrixnd@google.pl
839046712364,lhowroydne,j5HTic5uz3,Libbey,Howroyd,1987-09-13,1975543282,lhowroydne@netvibes.com
840826533390,aharrownf,DkMOTW,Annis,Harrow,1998-12-10,4578898100,aharrownf@nationalgeographic.com
843232930340,bpoldenng,PNoN95Kqz0Zy,Bryan,Polden,1987-06-10,5733539818,bpoldenng@nifty.com
844119603344,llufkinnh,NPbedSd9aeZJ,Lloyd,Lufkin,1961-05-15,2324343429,llufkinnh@marketwatch.com
845310223398,ohasselbynj,4GUrhFj,Orelie,Hasselby,1969-11-10,4388822286,ohasselbynj@princeton.edu
845960286540,groddernk,O3Cc3v,Gena,Rodder,1999-06-03,9014208872,groddernk@tamu.edu
846979795409,fallettnl,YFJVAow7Vp,Flor,Allett,1994-07-09,5381044586,fallettnl@shinystat.com
847022340849,cmaccolenm,HabEQQ,Cacilia,MacCole,1990-12-08,9612298989,cmaccolenm@microsoft.com
848542479904,hmoulesnn,Tw6O2U,Hewet,Moules,1962-11-06,1589462419,hmoulesnn@umich.edu
849748021789,rluipoldno,8ONTryJ,Ring,Luipold,1997-11-25,3909230756,rluipoldno@epa.gov
851387404799,eansteysnp,k7Bf6xs,Emlynn,Ansteys,1995-06-01,8679779871,eansteysnp@techcrunch.com
864015338138,aruspinenr,RsuCmT6VgLn,Angelique,Ruspine,2004-10-17,6152896432,aruspinenr@imageshack.us
864899211182,gkernockens,20Ny86X,Gothart,Kernocke,1974-07-25,5894541035,gkernockens@shinystat.com
864983347807,rbellent,xlfKcJ17hMQ,Robin,Belle,1975-03-22,2237632921,rbellent@cloudflare.com
866124892994,glillecropnu,9eLHCUa,Gary,Lillecrop,1977-05-09,4669063854,glillecropnu@ebay.co.uk
867503032079,cmchannv,GnjDkYy6,Consuela,McHan,2001-02-22,1404317774,cmchannv@meetup.com
871306277108,mbonusnw,U9GsqU3Ep,Melicent,Bonus,1999-01-22,6133952677,mbonusnw@guardian.co.uk
873581036466,rlestrangeny,xy8ooIKBqPs,Reggie,Le Strange,2004-05-23,3419715628,rlestrangeny@weebly.com
873895382065,bdougarynz,R9F4CdJ79cvx,Betteanne,Dougary,2004-06-26,8117002070,bdougarynz@yellowpages.com
874166543375,bmilsteado0,bLOogPyobk9,Birdie,Milstead,1992-03-25,2879165936,bmilsteado0@wiley.com
874916824620,jiannazzio1,WGK3GuIbC,Jemimah,Iannazzi,2003-08-31,5319774765,jiannazzio1@dailymotion.com
874940942062,wovillo2,tYsiBrxzar,Waly,Ovill,2001-02-24,8263812254,wovillo2@imgur.com
875538704075,vclyanto3,SfuTl3,Vincent,Clyant,1998-04-10,5453137942,vclyanto3@state.tx.us
876592597272,hshevello4,tHrLeKyx,Hyacintha,Shevell,2002-09-06,3468084838,hshevello4@reverbnation.com
877604217605,grixono6,PeoZPDgFuVbS,Gwenette,Rixon,1999-08-05,5181876037,grixono6@addtoany.com
877659934941,vtetsallo7,FLlyd6iWZj,Vernor,Tetsall,1973-10-26,9612236092,vtetsallo7@cam.ac.uk
877993877038,rpinsono8,IhMwIP4g,Ryun,Pinson,1974-09-06,9914161075,rpinsono8@dailymail.co.uk
878414659908,srattrayo9,tALIZS,Stavro,Rattray,1995-03-20,5094861043,srattrayo9@github.com
878735979765,ademeadoa,xrVzorxw1t,Ardis,Demead,1996-01-02,8655043022,ademeadoa@si.edu
879350698788,mwiggintonob,2HyxFFM3rGQl,Marjy,Wigginton,1978-03-04,2008925806,mwiggintonob@nih.gov
879430384740,cteaseyoc,EdAMXRfX,Chane,Teasey,1976-11-08,4647786437,cteaseyoc@pagesperso-orange.fr
881802057102,fdimontod,QyaOzBpWA,Frederick,Dimont,1968-05-23,6438512603,fdimontod@networksolutions.com
884560858121,dmacvainoe,kHT4rh,Dyanne,Macvain,1990-08-29,4138787908,dmacvainoe@noaa.gov
885961224009,mgisburneof,2m1tTkTUHDr,Montgomery,Gisburne,1990-10-07,4299078421,mgisburneof@slashdot.org
888772620285,aclaveyog,yqhYrQ1,Ardeen,Clavey,1986-07-12,5432289994,aclaveyog@google.co.jp
889265324962,jminalloh,edOq6OoJo,Jany,Minall,1971-05-09,8402065063,jminalloh@businessinsider.com
889878239628,gtamblingoi,sQpwKrn,Gilemette,Tambling,1969-01-30,8031314950,gtamblingoi@phoca.cz
889962044547,lgodneyoj,HsD3ja8,Lenard,Godney,1998-12-12,9639390689,lgodneyoj@bbc.co.uk
891917204111,rbestwallok,gWsnjVZg,Rodger,Bestwall,1963-04-02,9182070371,rbestwallok@shutterfly.com
892064019922,ahunnicotol,GVwRrOdmhLW,Ammamaria,Hunnicot,1969-06-06,5967601658,ahunnicotol@about.me
895740334926,phearsumom,GWvtJaTSDq58,Pernell,Hearsum,1971-09-13,3031208258,phearsumom@state.gov
896373225072,alepardoo,T8SwhFE,Anabelle,Lepard,1965-02-12,8993643803,alepardoo@360.cn
896684181033,bbarnhamop,Mydi6TQ1Td,Britni,Barnham,1982-11-06,6301931511,bbarnhamop@studiopress.com
897970989468,pmiguetoq,guengOr0C,Pet,Miguet,1987-10-20,2408820213,pmiguetoq@eventbrite.com
899424741667,eoddor,QUjdPV2UEPVx,Ellynn,Odd,2000-02-09,3594268745,eoddor@hp.com
899644669085,cidleos,NTBkdWxz41,Cathlene,Idle,1983-01-01,5247522370,cidleos@sun.com
900358885711,ffontelot,xO27Q0DVP,Flynn,Fontel,1973-04-05,5993951716,ffontelot@wp.com
900868876872,bfischerou,zQ8PjgmQ6Q,Birgit,Fischer,1982-08-08,6804146172,bfischerou@seattletimes.com
901262285002,rfarrellov,UHDqJq,Rene,Farrell,1990-02-16,2872966402,rfarrellov@fc2.com
902331248778,mnoldaow,zLBohRTU9L,Moishe,Nolda,1995-01-12,9896719520,mnoldaow@newyorker.com
904116480401,daffleckox,migIAl4Xic,Dulciana,Affleck,1974-05-26,9103602560,daffleckox@wikia.com
904511095913,vlunooy,K0StsSU,Vera,Luno,1995-06-13,5687287117,vlunooy@dell.com
904943001390,rgwalteroz,Ogqrgbn,Regine,Gwalter,1989-10-10,9164028902,rgwalteroz@dedecms.com
905251798895,hlippattp0,vi5QkRhe,Harris,Lippatt,1965-07-18,2293390561,hlippattp0@about.me
905585861771,cgrishaginp1,r8E7q17l,Craggie,Grishagin,1977-11-20,7331869643,cgrishaginp1@google.com.hk
909009395031,smellorp2,MnrmfaI,Salomon,Mellor,1974-05-20,4705459162,smellorp2@yandex.ru
909094343695,rbolgarp3,s5zIEkhdWYw,Rana,Bolgar,1965-11-21,4094500647,rbolgarp3@skyrock.com
911422376257,lterrellyp4,a5d6Wex,Ludovico,Terrelly,1971-02-16,3216320370,lterrellyp4@wordpress.com
911934141214,coldallp5,sVDHDB,Cybil,Oldall,1994-12-15,6296960651,coldallp5@tiny.cc
912480261853,nveitchp6,bITZVp,North,Veitch,1960-08-28,4995914592,nveitchp6@addthis.com
912550686528,twillmentp7,f4sp30Dq,Timothy,Willment,1986-01-27,1315081886,twillmentp7@msn.com
913227522137,cfortounp8,19M3Pidqr0jQ,Cassey,Fortoun,1998-11-13,5132482494,cfortounp8@privacy.gov.au
913234451928,jsuffp9,BIFrfTUc6,Jocko,Suff,1986-12-29,6453169270,jsuffp9@engadget.com
913490337764,jfurmagepa,WEfXJZi0bldX,Jacqueline,Furmage,1963-08-31,4034647419,jfurmagepa@jigsy.com
913838592930,cprimettpb,ICgvQFaR6,Christye,Primett,1971-08-07,1554626552,cprimettpb@pbs.org
914105871361,aiannazzipc,W2RQEQvv9,Ariadne,Iannazzi,1999-02-28,2962883250,aiannazzipc@accuweather.com
917586112179,csichardtpd,R5cINOXgovG,Caterina,Sichardt,1961-11-06,1495393229,csichardtpd@tripadvisor.com
917637991555,zchivertonpe,6wOvKX,Zorine,Chiverton,1982-07-20,6401993387,zchivertonpe@symantec.com
919002430781,tgianolopf,qSILk2bH,Terrie,Gianolo,1984-12-17,8269522048,tgianolopf@delicious.com
919237806077,qlovewellpg,iErmSz4ggwTC,Quincy,Lovewell,2001-11-05,6716277527,qlovewellpg@de.vu
919618338061,ydominiciph,fjYx474,Yoko,Dominici,1974-06-27,9154897081,ydominiciph@jigsy.com
921897441160,hpenddrethpi,HS8mkyfbYgE,Horatia,Penddreth,1972-04-10,4286925677,hpenddrethpi@washington.edu
923905925963,mmortimerpk,ypncRh92pNo,Moria,Mortimer,1976-02-26,6316609548,mmortimerpk@intel.com
925673080708,elipppl,lNzQMR,Erek,Lipp,2002-06-23,2971108262,elipppl@feedburner.com
925859673082,ddalleypm,kMK3gxAR7c,Daven,Dalley,1961-03-10,9152196204,ddalleypm@elpais.com
928640873361,slummuspn,KGNeSISgvpE,Sanderson,Lummus,1997-11-25,9895829247,slummuspn@epa.gov
930352817524,cbooseypp,qUGPU5GuLNaw,Chrystal,Boosey,1984-08-05,3505230064,cbooseypp@nationalgeographic.com
931873216889,pwittierpq,AR0RP3IB,Pandora,Wittier,1987-03-31,7787808345,pwittierpq@lulu.com
936977839827,cgaunterpr,7ow2hPpzL,Claybourne,Gaunter,1995-11-28,8142555057,cgaunterpr@webeden.co.uk
938703249930,oigglesdenps,6KurOZlZb0ZF,Orazio,Igglesden,2000-08-23,6478177644,oigglesdenps@google.co.jp
939745241543,hgraddonpt,q7eS4SSSis7p,Hilliard,Graddon,2000-12-05,3629634354,hgraddonpt@tmall.com
939903151080,dbartospu,zGi1JrcP5m,Darnall,Bartos,1989-12-08,8096815108,dbartospu@feedburner.com
940746727949,rtarlingpv,n5MElUy,Ring,Tarling,1966-09-09,3954287064,rtarlingpv@nhs.uk
941534729156,lflintoftpw,Zd8DXIS5DALG,Lennie,Flintoft,1966-08-13,1751807598,lflintoftpw@sakura.ne.jp
941542594856,wberkapx,qYlJHcEiYxm,Wyatt,Berka,1976-07-11,9513511689,wberkapx@opera.com
941595018353,adriffillpy,LOicnzKRxJ9,Alyss,Driffill,1980-09-28,4866497108,adriffillpy@a8.net
942453155160,jdanellpz,AbOgXg0gBQO,Jorrie,Danell,1988-02-04,2948166915,jdanellpz@symantec.com
942512381349,sofergusq0,AeeDkf6wdlo,Silvester,O'Fergus,1996-08-23,3382390603,sofergusq0@amazon.com
944034033195,pdeporteq1,QjaMu6U,Pietrek,Deporte,1970-03-03,9856237396,pdeporteq1@creativecommons.org
944584268947,fwehnerrq2,SOy6SYZRA63,Fabiano,Wehnerr,1972-08-25,6239387210,fwehnerrq2@macromedia.com
946822656227,mhamalq3,cJmpsUdm6SQn,Mick,Hamal,1997-02-22,2971285752,mhamalq3@netvibes.com
948141048940,tpicklesq4,ZT0HXwmgmiq,Teodorico,Pickles,1991-11-16,6346990776,tpicklesq4@cnet.com
948950927771,amiskinq5,xdU5okkpkp8,Annis,Miskin,2002-10-20,5437121804,amiskinq5@g.co
949084480812,hperfectq6,wu9GSTE,Hubert,Perfect,1966-05-22,4759249249,hperfectq6@cornell.edu
949647994789,jchallissq7,J26z4end,Junina,Challiss,1977-10-02,7309307362,jchallissq7@sogou.com
950185774689,awhistonq8,hIAQFriswB3,Alameda,Whiston,1982-12-16,6081649272,awhistonq8@indiatimes.com
951592186023,nscaneq9,c8MlGL0Jl0Y,Natalie,Scane,1975-02-09,1233763035,nscaneq9@dailymotion.com
953879318935,pkaasmannqa,H2TfqPff,Perle,Kaasmann,1975-01-22,4255802012,pkaasmannqa@dot.gov
954545369109,dcrickqb,Mi452bddEk,Dorine,Crick,1983-10-19,5288672857,dcrickqb@hud.gov
954863674023,mrotteqc,T3SrF1agtPl,Marcelle,Rotte,1974-10-24,8001174901,mrotteqc@webs.com
957233829113,czamudioqd,t5zcLa,Cirillo,Zamudio,1988-09-28,5803675855,czamudioqd@imageshack.us
957470900443,lpallesenqf,ddR4h8jFTuW,Lucila,Pallesen,1982-02-25,8254113544,lpallesenqf@omniture.com
958910862844,btetlowqg,S57bLCIKKh,Brigid,Tetlow,1973-12-13,2634026200,btetlowqg@acquirethisname.com
959745344808,nmaileyqh,su9pRY7LkV,Nadeen,Mailey,1961-08-29,1012608928,nmaileyqh@stanford.edu
959805167675,gswendellqi,MUBWZYLC8356,Geraldine,Swendell,1982-01-17,2256477137,gswendellqi@amazon.com
959818536105,ssessunsqj,UMFrrO0M6KMV,Shina,Sessuns,1977-02-16,7258277381,ssessunsqj@paginegialle.it
960141628819,prundallqk,QLH6d59w6,Paige,Rundall,1986-06-18,8013423196,prundallqk@alibaba.com
960915197161,tasserqm,jdLbOBQpp,Tanney,Asser,1966-05-07,9791623914,tasserqm@skype.com
961178468740,ofishbyqn,2yydVqWj,Oralee,Fishby,1993-07-30,1925764827,ofishbyqn@trellian.com
961181662311,dcluetqo,snfrd1Em,Dedie,Cluet,1985-12-19,7866933426,dcluetqo@nifty.com
961533477778,mboarderqp,9YnpUM0P,Marysa,Boarder,1998-12-18,7453918887,mboarderqp@dailymotion.com
961729482812,dkeunemannqq,cjwh9uVn97,Diandra,Keunemann,1972-07-24,9703124742,dkeunemannqq@amazon.de
962377016261,bhallutqr,DUjJGz0,Bobbie,Hallut,1976-10-27,7762203223,bhallutqr@wp.com
962737821775,aectorqs,EfLfTsPIzzX,Antone,Ector,1990-12-31,2495203058,aectorqs@infoseek.co.jp
962848040821,nbremmerqt,k5JWlS,Nikita,Bremmer,1999-11-20,3828989592,nbremmerqt@time.com
963350791469,rpinnijarqu,h1pdt2HJaMe,Rooney,Pinnijar,1967-12-15,4487551464,rpinnijarqu@livejournal.com
965489395542,asewterqv,RvwDWL,Alisander,Sewter,1965-07-28,4776401870,asewterqv@plala.or.jp
966198028740,pmuckloqw,qEsx9Fk,Prudy,Mucklo,1979-05-25,6206653203,pmuckloqw@freewebs.com
966599524500,blendremqx,cfUmsoYHuIx,Bevon,Lendrem,2004-08-01,4373289464,blendremqx@state.gov
966663086522,mconreqy,setRKAFV3BB,Merrielle,Conre,1973-01-05,1808513535,mconreqy@studiopress.com
966774485751,acainesqz,BQOx4n1A3Ln,Alice,Caines,1968-11-24,9313546285,acainesqz@amazonaws.com
972977718077,jmackeeverr1,DPi487JxnA,Jefferey,MacKeever,1973-05-17,8828925967,jmackeeverr1@cbsnews.com
975650153381,spergensr2,sDA97U0ix,Shantee,Pergens,1997-03-28,1351044737,spergensr2@delicious.com
975742007815,gsalesr3,Llb2X5AWiHy,Gwyneth,Sales,1963-11-08,9056202699,gsalesr3@eepurl.com
976379452578,fsockellr4,EIUJVAOQea,Frankie,Sockell,1996-06-27,1758945982,fsockellr4@geocities.com
978471950304,hseamarker6,9YQ2FxI4Sra,Hettie,Seamarke,1985-06-16,9071585308,hseamarker6@redcross.org
980177731725,ahouriganr7,bL4EwDrA7M,Alix,Hourigan,1997-10-06,2071918977,ahouriganr7@nsw.gov.au
980810324465,msummerillr8,5YIKVlQ,Maiga,Summerill,2002-06-23,7903632670,msummerillr8@zdnet.com
982297098610,lmathivatr9,uq45J2CaZBOk,Lu,Mathivat,1966-01-20,2189857779,lmathivatr9@loc.gov
982728830791,swristra,fy9n5zkcb,Sigismundo,Wrist,1979-07-21,9158727533,swristra@princeton.edu
984009907599,tblytherb,jM920Mo,Tilly,Blythe,1966-04-24,3619096462,tblytherb@cpanel.net
984182264738,fnolterc,rq0fgzRhKdd,Fee,Nolte,1991-03-04,8036099626,fnolterc@feedburner.com
984567447203,rkillikrd,KmwENzbl2,Rena,Killik,1960-01-17,3609362506,rkillikrd@aol.com
985533649294,ihyndesre,i8Me0F8z4vf,Illa,Hyndes,1997-09-06,7991335928,ihyndesre@photobucket.com
985650004111,rgwyerrf,VO5n1LNjTK1,Raviv,Gwyer,1987-04-07,7671052155,rgwyerrf@wsj.com
987195266356,athomtsonrg,E4uYJk5rf3,Alane,Thomtson,1978-05-14,9862568660,athomtsonrg@vkontakte.ru
988184765117,vpopelayrh,dijLNKDc,Virge,Popelay,2001-07-23,8946870636,vpopelayrh@fda.gov
988720688452,dgarrettri,m2hX8eAmG,Dallon,Garrett,1965-09-08,6705578975,dgarrettri@noaa.gov
989521981752,agilmorerk,pNq2F078G,Averil,Gilmore,1968-10-29,2857137391,agilmorerk@yelp.com
991184336821,dmanisrl,0X17qKqz0uW,Damiano,Manis,1967-05-20,3038753097,dmanisrl@stanford.edu
992691382831,ebenboughrm,9IsxF8bedI,Erick,Benbough,1987-09-26,6041647799,ebenboughrm@posterous.com
993192907432,aofenerrn,ZIKDIoBiev,Alis,Ofener,1972-04-25,9854769436,aofenerrn@samsung.com
993326349428,dmethuenro,UXxhxAXJTR,Donovan,Methuen,1998-11-26,4321425954,dmethuenro@sourceforge.net
993682224664,klotonrp,R4eolYH,Kurt,Loton,1963-05-05,4948161967,klotonrp@mozilla.com
994380254010,rwhiskinrq,cuytGWx,Robin,Whiskin,1995-01-16,7132804381,rwhiskinrq@pcworld.com
998473025593,cmacwhanrr,lzcDSyfr,Cherry,MacWhan,1990-12-13,9156561325,cmacwhanrr@soup.io
