OwnerIDCardNumber,UserName,Password,FirstName,LastName,D.O.B,PhoneNumber,Email,BankAccountNumber
737645629,cdavidgenc,ZnIwmjv,Charita,Davidge,1994-04-24,4747719291,cdavidgenc@creativecommons.org,2358325489537747
1436984060,rdulyga,DZabJpViqT,Reggi,Duly,1987-12-06,3479849352,rdulyga@yandex.ru,4909759695980702
2680465962,acardillo4o,MZ5TwOEhlfs6,Agathe,Cardillo,1982-09-01,5631236248,acardillo4o@auda.org.au,7678188733118359
7204430137,mchown9y,CpCTxMwlY8D,Markus,Chown,1972-04-09,4078085737,mchown9y@discovery.com,9262049168042155
8853624586,ccallowie,jnSl5ySNYw,Cyndy,Callow,1973-07-24,3525937721,ccallowie@house.gov,8066747693807162
9562349305,lfolbigoi,8MuzPMnw,Lynnett,Folbig,1990-04-29,3283211077,lfolbigoi@fastcompany.com,2380754375843803
9715006981,fsoregg,BzRr4z7hwo,Farra,Sore,1978-04-04,8416051981,fsoregg@chronoengine.com,6991422661156155
10784341907,domahoney97,feraBRle6,Demetra,O'Mahoney,1996-09-24,3338201456,domahoney97@symantec.com,1975732554176393
11136019710,ccawsbyfl,vqUgN9aU2EUx,Charlena,Cawsby,1993-08-30,1479150835,ccawsbyfl@smugmug.com,6367582137812024
12615944026,tfatkiny,zD5fxmqw7UR,Talia,Fatkin,1961-12-26,4706041889,tfatkiny@google.fr,7374464613294539
17096646795,ogauthorpp2x,t3jBP2Mo,Ody,Gauthorpp,1960-02-26,5557666793,ogauthorpp2x@globo.com,4457921546412760
18042003284,awildeq,nCD3tbp,Aron,Wild,1970-04-30,3863493870,awildeq@usatoday.com,8762784869031370
19302826108,tphethean6h,YZFQIJY,Tatiana,Phethean,2000-04-19,3091061377,tphethean6h@ask.com,7541786481015397
24100374977,cyouthed1g,tUT1bcje,Carley,Youthed,1968-03-20,9226715731,cyouthed1g@sakura.ne.jp,7001061083980299
27177460312,hcyples2f,fF2WkGU,Hadley,Cyples,2001-07-11,5825544483,hcyples2f@unblog.fr,79742473584389
30600733024,elindop7g,qixbxO,Eveline,Lindop,1964-04-02,3718711729,elindop7g@163.com,7241795607337308
30679265235,tsprague3c,cryQzbUYM,Thorndike,Sprague,1978-06-05,2509449076,tsprague3c@bluehost.com,5305628510645515
31557385468,rlogesdalehk,uyTyTvCzGb,Rozanne,Logesdale,1970-06-04,1201788453,rlogesdalehk@blinklist.com,6317470841804700
32450383179,nmenichelli3,WEiWLNTS,Nevil,Menichelli,1996-05-18,4945146382,nmenichelli3@deliciousdays.com,8000450425009949
33111207906,joxenford33,4RdL65VA,Jemimah,Oxenford,1964-04-24,6803781364,joxenford33@zimbio.com,9760238433988392
33830750392,shallgarthr2,QfK5yY,Simona,Hallgarth,1998-12-23,7564326929,shallgarthr2@vk.com,4216325620136826
35596463691,ckittow1r,qw44dI2i,Clementia,Kittow,1965-10-18,3675015732,ckittow1r@delicious.com,400428970926379
36125555750,tcoggonit,iYgpbTdt2,Tymothy,Coggon,1998-12-12,4654602676,tcoggonit@quantcast.com,9093007529599075
36418240734,mcansfield6m,81ZjeO1ZTX8,Mart,Cansfield,1968-02-07,6822768015,mcansfield6m@list-manage.com,2613689670931089
36759137657,srivallandd9,67cPugwhCx,Sherye,Rivalland,1962-04-28,9279263632,srivallandd9@sakura.ne.jp,5168130341136939
37098606210,emurrumd,BuRsv3Ixc0l6,Edmon,Murrum,1963-02-15,7285800168,emurrumd@stanford.edu,2237122172778114
40672688113,tjudron6w,ZVvnGk3,Terence,Judron,1969-12-29,4731078338,tjudron6w@alexa.com,9104431262773097
42200371976,lknivettb,jolFVt3VIW,Lyn,Knivett,1987-11-26,7824765972,lknivettb@macromedia.com,594281319149173
43606517149,bwarratt4t,wiPfTSgb,Blisse,Warratt,1988-11-18,6855989305,bwarratt4t@slate.com,8357846284027407
46278554104,nkemmonsq3,Ub324XG,Nickolaus,Kemmons,1985-05-14,1915855743,nkemmonsq3@uol.com.br,662017744510314
49036228826,rkemsley4g,2R0DnIV,Rem,Kemsley,1967-06-04,8855275184,rkemsley4g@weebly.com,8298526318074161
49459026465,ddibaudieb,UTK6PcK35f,Dody,Di Baudi,1978-06-22,1203558793,ddibaudieb@netvibes.com,7411603441812110
50729423177,mfery41,dli1VuQh,Manny,Fery,1964-05-03,2853107817,mfery41@biglobe.ne.jp,3143012186412158
54471860007,mforcep0,9JTPTk9648XL,Mella,Force,1994-04-14,7122820174,mforcep0@networkadvertising.org,9279698224782377
55141168283,rfoux1f,e5zqgPWY,Rafa,Foux,1982-04-28,9797086755,rfoux1f@aboutads.info,4818776153229730
58897000479,ejelkesc4,iidskHP7,Emerson,Jelkes,1982-10-08,3461699292,ejelkesc4@mysql.com,1107343727352286
62795088459,esket7n,O1nOsWO,Ertha,Sket,1974-09-20,4789196318,esket7n@who.int,4646134188109222
64178108609,acottelod,d8Zd5zl09,April,Cottel,1987-12-14,9687067227,acottelod@upenn.edu,7862815565812387
67366344531,groycraftn1,m9B27hNJ,Griff,Roycraft,1968-07-12,6959505378,groycraftn1@ask.com,9617924562775337
67420474841,dcraytonma,gna9wAma,Doyle,Crayton,1973-03-18,6053964953,dcraytonma@123-reg.co.uk,7833242022010057
71084394010,kspridgenae,WAn7a42N,Kleon,Spridgen,1964-07-30,8581664413,kspridgenae@jigsy.com,4480682568035319
73639929310,hwathenw,lvIlBzJ1ZM,Hinda,Wathen,1988-03-08,1954233998,hwathenw@springer.com,5391303298276299
74610315632,adebellis96,GFCtg4IPE,Aluin,De Bellis,1992-11-25,6878168352,adebellis96@sfgate.com,8086926990774756
74980008914,bpickardff,D4IhnG,Bertina,Pickard,1979-08-19,6855450536,bpickardff@google.co.uk,135936421956588
78444695343,scuttlee9,urf5cWI,Slade,Cuttle,1980-09-03,1896436425,scuttlee9@bloomberg.com,3567465460925107
79847643695,ibudgeon2y,T9qwB75,Ingra,Budgeon,1995-04-13,1112404757,ibudgeon2y@telegraph.co.uk,2663292705602809
80121808109,dandor83,aOm80c,Danit,Andor,1971-09-12,6583754841,dandor83@wp.com,3275575012683171
80880767806,rstickingsrm,0QepYhDaYL,Riane,Stickings,1991-01-08,6048566851,rstickingsrm@arizona.edu,4213274184370834
82791880774,hgirhardjq,XheXIw7z,Hussein,Girhard,1968-11-26,2804096824,hgirhardjq@huffingtonpost.com,192028734415276
84720144175,rjedrasrl,XdP2xtwYu,Rebeka,Jedras,1969-05-03,9106350608,rjedrasrl@spiegel.de,6955151002665724
85846792447,dcampellibx,zLWe5Zsp8qt,Duky,Campelli,2001-06-23,4431489953,dcampellibx@tinyurl.com,9232709196048153
90997017836,awoodvinegi,zVt6yRa9J,Ardine,Woodvine,1980-07-16,7507583731,awoodvinegi@yahoo.co.jp,1657587965328836
91341123753,cmattedide,JQKGwXcM1,Candace,Mattedi,1974-02-12,3519484366,cmattedide@un.org,866781853512364
91995516417,ifibbenq4,U88YuWdWI,Izaak,Fibben,1980-03-22,4851210698,ifibbenq4@cnet.com,5741292915368187
92815842555,njiruch45,zGFbCAF9,Noella,Jiruch,1972-10-08,5536887936,njiruch45@weibo.com,9539139092631787
93729654647,fwebby51,oLn8RJIC,Frannie,Webby,1975-09-20,4062003185,fwebby51@gov.uk,1303162821803325
93746599561,uporter9j,MO6BL0dV7iq,Ursula,Porter,1969-01-25,4194865316,uporter9j@irs.gov,8460306895649638
95108844253,ezelake10,IJa02eCx73x,Even,Zelake,1997-10-27,1496281753,ezelake10@hexun.com,4492785611204452
95165490083,jleguayio,7fPd5Yj,Joell,Leguay,1965-02-27,3082028384,jleguayio@hp.com,8384048035084426
95789739611,mniese8,AgXU3JBB8JYG,Meade,Niese,1982-06-09,1585434052,mniese8@comcast.net,2657841577778327
96728780467,tfinlasonfr,hfEL9Zp,Trescha,Finlason,1977-06-08,1235728173,tfinlasonfr@dyndns.org,8369382203902562
99211552219,beasmandj,tOb95GaaEo,Boycie,Easman,1976-11-02,7704742755,beasmandj@163.com,7439107382012273
100070578554,gjinar3,Rj4qM3pITkAZ,Germain,Jina,1991-09-26,1053073308,gjinar3@un.org,7277727965518164
100677932259,aolden4b,4lUxxaNIjf,Axel,Olden,1986-09-21,8378275190,aolden4b@blogspot.com,4716229834729461
101339349843,jneillyea,n7BKN51WIwA5,Jacinta,Neilly,1993-07-28,9566487235,jneillyea@barnesandnoble.com,1080613825363089
101918855534,mhempshallj6,HLdllBvt71,Meier,Hempshall,1975-09-16,6121061391,mhempshallj6@ezinearticles.com,5081722147011852
102320549156,mhanhard3p,VJRv5L,Myriam,Hanhard,1966-09-28,8651422275,mhanhard3p@51.la,5389307913170502
107978016878,saitkin2h,j33j0skLNC7s,Starlin,Aitkin,1987-12-12,9503374701,saitkin2h@adobe.com,4811990575141808
108627902563,ckinson8x,vvqt2t,Conney,Kinson,1983-02-13,4208644491,ckinson8x@europa.eu,1157992996166822
114529913063,alaughreycp,BeIwJh,Adel,Laughrey,2000-12-19,2073739016,alaughreycp@salon.com,5781320242346951
115509994856,sburdekin7c,LErvPb5,Sherlock,Burdekin,1980-10-27,3943119353,sburdekin7c@comsenz.com,8175943823295542
117139865085,csenecauxay,FDW84ARaF2,Carolann,Senecaux,1978-07-14,1837215022,csenecauxay@networkadvertising.org,3873844111580587
118611590247,grecklessq8,MqZbQy2YwU,Gray,Reckless,1996-12-31,1102082302,grecklessq8@infoseek.co.jp,3082955065704415
120923557466,lcathenodaz,0QP3Mp7,Lonni,Cathenod,1990-02-19,4263034850,lcathenodaz@flickr.com,5381567937373843
121671582222,chatrey1m,LgjmpiSU6Nh,Codie,Hatrey,1966-06-19,4799735274,chatrey1m@usa.gov,1017351430116193
122640230708,bwebbercm,RX4rXY,Brynne,Webber,1999-02-23,3884021459,bwebbercm@alibaba.com,5084149759342484
124037761798,abeaulyam,87Vrl2,Archibold,Beauly,1961-06-24,6116484277,abeaulyam@bloglines.com,9445687233411519
127554734742,ecorton61,I4qNhWeDG,Ebony,Corton,1994-05-20,9181287991,ecorton61@sogou.com,4521761443143464
127877677541,cwaleranh,3Y34MTypw7P,Charmain,Waleran,1973-05-13,9487541565,cwaleranh@amazon.de,9416718710306197
131166878560,matterleyao,AIonWP,Merrill,Atterley,1997-07-17,8258339301,matterleyao@mail.ru,7397296395911972
131700743342,aseamarkfz,Bwpw8ZS,Abeu,Seamark,1964-08-16,6417426940,aseamarkfz@nps.gov,5145248911155041
132010824576,lgudgeonj8,mzvjnppr,Lynnett,Gudgeon,2003-02-21,1615699336,lgudgeonj8@kickstarter.com,6725035182860015
134391813641,ltalloeip,2cUpGzhc,Lil,Talloe,1987-01-29,3716984980,ltalloeip@archive.org,9564221619224246
137755440860,dligginsd4,Mdsl4Fkj88am,Doti,Liggins,1991-04-01,6027708905,dligginsd4@bloomberg.com,6950549940955766
137987458801,sneweek,2nbThk7QxRY,Sheppard,Newe,1961-03-27,3614607277,sneweek@hp.com,4938690447838874
138859261075,pwoodburne5e,nB0dt9V,Peggi,Woodburne,1997-08-08,3442833783,pwoodburne5e@nature.com,3241302328831269
141046291814,odreng55,YehFEBW,Orrin,Dreng,1961-11-26,2517334799,odreng55@cornell.edu,7721693866583181
141847376805,lpreshous9t,wtXQoTCPS,Luigi,Preshous,1970-04-10,2787632648,lpreshous9t@jugem.jp,7608246809886139
143732566251,kpedlowgb,c3Hi8auT,Kaitlyn,Pedlow,1996-04-04,4891874833,kpedlowgb@bluehost.com,315818310427057
147073006406,cmordacaibt,m0JzZPYS,Cthrine,Mordacai,1968-04-09,2533360604,cmordacaibt@cnbc.com,9630855106324022
151375306072,jedensor5o,zQGtzWzcrL3,Josias,Edensor,1966-01-26,5697687328,jedensor5o@bizjournals.com,6729501413440165
152352758517,stomainicn,veSll5vo4MC6,Sam,Tomaini,1994-05-28,5848539147,stomainicn@themeforest.net,5856770514779380
160525389898,pmccoole63,vDD4E2o,Porty,McCoole,1971-03-14,1418326250,pmccoole63@sohu.com,6022063229768747
161576123044,mtiptaft65,mER1WrGWZ,Mill,Tiptaft,1988-06-24,5028780943,mtiptaft65@irs.gov,7256106538484050
161601024124,sgioankj,XH9i2u,Shamus,Gioan,1995-08-21,5188839449,sgioankj@spotify.com,1137350669737932
164270053670,ebowndeh4,IDnDudz,Ema,Bownde,1977-04-01,1213421251,ebowndeh4@msu.edu,2260102731796998
165201615186,ahewinsa9,DqqE7ZB3PUc,Ardyce,Hewins,1995-05-04,1395983784,ahewinsa9@uol.com.br,444879182107299
171589292240,gcuttings6g,mE55mPw4p7,Glenden,Cuttings,1970-08-12,5982206683,gcuttings6g@theatlantic.com,8878846273806196
171886128108,mperillo57,9Kdxxa,Mavis,Perillo,1983-05-14,5395862014,mperillo57@cocolog-nifty.com,9848537545144073
172273639500,ojevondb,k3X874e,Ophelia,Jevon,1989-10-06,4341430808,ojevondb@businessinsider.com,3191528697094166
172899871472,ohunnicotgj,Cj7eptxk5,Oliy,Hunnicot,1985-01-21,6623259069,ohunnicotgj@google.cn,1893711968789406
173801248416,vcheltnamju,f3KfHDJwbz,Vivien,Cheltnam,1980-08-20,4666672386,vcheltnamju@tripod.com,7568950314258211
177241122489,rgaugemy,vowDPF6Vu,Rozalin,Gauge,1961-03-23,9952907272,rgaugemy@biglobe.ne.jp,983147217940498
178262341816,mclissl8,5uONgI07myGj,Meridel,Cliss,1988-07-16,8289162968,mclissl8@telegraph.co.uk,1227713318706391
179023286597,iguyonk4,EdG2Fk7,Isacco,Guyon,1992-09-14,9504867742,iguyonk4@google.ca,1028383300340840
179093574641,rpitkethly2m,9l6E3vxgBOUy,Roberto,Pitkethly,1987-10-23,1642966356,rpitkethly2m@nyu.edu,6870082664773355
180126128092,fboughaw,wYonxdaBk,Faina,Bough,1973-09-21,5675181703,fboughaw@arizona.edu,149092551264179
180214289259,imeriotch,zbifp8sxM,Idalia,Meriot,1960-10-30,3361031227,imeriotch@yelp.com,6013721007691195
180486863971,sgorgl36,vj5XW5sZEeUG,Sybille,Gorgl,1993-03-05,8204046660,sgorgl36@chron.com,7740999989623333
181858302531,nvreiberg4e,yQH5SmOzYh,Natalie,Vreiberg,1962-07-31,1646183781,nvreiberg4e@topsy.com,5977874882293878
183546343496,wgravenallck,rb4s1Hi0hBpI,Ware,Gravenall,2000-05-25,5796902545,wgravenallck@spotify.com,5662741443379812
186035140113,aleavey1,fj5RAr9,Ann-marie,Leavey,1965-01-19,9743036582,aleavey1@shareasale.com,9797145990636617
186931918371,rrennard46,QqAJUm6R,Rhianna,Rennard,1999-02-05,2774052489,rrennard46@gmpg.org,4224366171416404
189883358893,pcawtcl,YRN8ZS,Phelia,Cawt,1991-05-28,9515582762,pcawtcl@angelfire.com,6760354943165432
193798395734,rdelacourtb6,UA8wCn,Roxane,Delacourt,1963-09-04,2497121394,rdelacourtb6@discovery.com,6380553425002769
198645593574,moatsg7,jOMCsRM62dV,Mayer,Oats,1984-10-01,8874367290,moatsg7@wunderground.com,3023088090886122
199651729402,dhugett44,X9MahBFc7YG,Donall,Hugett,1995-03-24,2359332765,dhugett44@livejournal.com,3147571659723357
200973834707,jothen4u,L0Ic5jFULGtY,Janey,Othen,1996-04-28,1087330030,jothen4u@slashdot.org,7738672271986637
201077232937,tgenese6q,oc8uKaKRm3b,Trude,Genese,1986-07-20,3117398410,tgenese6q@engadget.com,410370450373744
201836465476,aschrei1k,kehlXri,Annemarie,Schrei,1981-01-25,5845672387,aschrei1k@goodreads.com,5282996527730986
201863600586,rlayingdv,snVGtMJ,Robinia,Laying,1984-01-01,3515201393,rlayingdv@stanford.edu,8394881181789368
203612704052,jlangman2a,h286l8k5CLC,Jaquenette,Langman,1979-07-18,6734119251,jlangman2a@meetup.com,9373908157735214
203798766158,jsaltwelle5,DIt1Tn,Julina,Saltwell,1963-12-14,1292347698,jsaltwelle5@microsoft.com,2360671471081302
204632193155,toldami2,Cx1kSTmeIR7O,Tomaso,Oldam,1998-07-12,5253190736,toldami2@si.edu,5124535777966183
204821558266,ctowner8j,9meOJCrZ,Cullen,Towner,1982-02-10,5378877385,ctowner8j@issuu.com,7117168538449514
206675364016,ugaylordi7,xhBSGSUC4a2,Ulrich,Gaylord,1998-03-21,1573907200,ugaylordi7@themeforest.net,1129696058987777
208325666533,ddurnillnj,hecFiM,Dew,Durnill,1980-02-12,9465302701,ddurnillnj@amazonaws.com,9158423620810449
210607293208,kantonikbk,rrZVwvcM,Kelly,Antonik,1998-12-10,5062855578,kantonikbk@plala.or.jp,5924638571552212
212619539862,jmcgregor4k,eUG9irPw,Jeanna,McGregor,1979-07-17,7062885576,jmcgregor4k@naver.com,728804877214331
216029233692,fryenw,JIUz12wUYWx2,Frederic,Rye,1961-04-29,3384488658,fryenw@bravesites.com,1897500044901105
218041803454,msaphinpi,kmFJYFBlrtV0,Martha,Saphin,1992-10-12,5739045278,msaphinpi@dot.gov,5385333399584173
218178239924,jspino2n,dR1UdUo6Y,Jose,Spino,1973-02-16,4865387490,jspino2n@sbwire.com,1008150522336430
228672438145,lashfordq5,PuCcDg,Linnell,Ashford,1998-06-08,5246558593,lashfordq5@godaddy.com,8762091539442709
232788688828,twalrondbl,pzbogarF,Toiboid,Walrond,1960-04-08,5179341218,twalrondbl@bbb.org,8355083689088335
233212496355,dclemendet8n,9bQIb3qE,Dennie,Clemendet,1964-09-01,5532055015,dclemendet8n@bloglovin.com,2124212238676027
233975404098,estanhopea3,gdqTNMfZ2U5,Eda,Stanhope,1987-10-18,9638623470,estanhopea3@g.co,1788778220548125
234658256134,niacovo14,g4vu1mF,Natalina,Iacovo,1961-02-26,3161945238,niacovo14@hostgator.com,8890912050286774
235169557406,mjewers4a,JbPDNaoJXFLb,Misti,Jewers,1989-12-28,1634898048,mjewers4a@com.com,9341346596776208
237401067301,ccremer4p,PTHnaI,Collette,Cremer,2000-08-06,4992821081,ccremer4p@cdc.gov,4880425986494929
240878363132,awestern7v,hehaKjW,Aldrich,Western,2003-07-30,2532888253,awestern7v@mysql.com,8990078501536511
241234126583,dseppeyec,J9HR9i3,Delly,Seppey,1960-08-09,3051689384,dseppeyec@nymag.com,6824315536571600
242939853842,jbradberrydd,emDhZMrh9,Jammal,Bradberry,1977-09-07,8551945496,jbradberrydd@over-blog.com,9683622588608903
244219563283,rbrittmb,LIMiYK,Rodge,Britt,1991-07-04,7559682482,rbrittmb@infoseek.co.jp,6611197650499396
245252140052,ejinksha,7WgBml,Etan,Jinks,1979-04-21,3286194292,ejinksha@state.gov,1843839937261666
248536616026,eratleyjx,YZjm96DOSY,Elise,Ratley,1972-05-08,1218745733,eratleyjx@scientificamerican.com,9373903753828317
251657497889,achina6c,OFVJpUKUhHE6,Audry,China,2001-03-10,6477477611,achina6c@intel.com,3797086719253791
254234622092,gkalfki,USsRrgHzBz,Gavrielle,Kalf,2002-05-26,8552327396,gkalfki@reference.com,3298958745616420
254394877243,gbosleydf,XufYvNR,Gayla,Bosley,1961-07-20,8848112476,gbosleydf@deviantart.com,6502308613815148
254946616186,abaistowiz,cHDCFI,Antonetta,Baistow,1961-03-09,3079364298,abaistowiz@github.com,4718188546963019
256692810144,tcouchfq,uz4MnVWm,Tim,Couch,1981-04-01,1608884037,tcouchfq@mail.ru,8769659242956939
257749160219,mfeldkleinc,3iTbzCnwI,Michele,Feldklein,1976-04-02,8875540927,mfeldkleinc@t.co,6915625980912380
257994280838,hgrumelln9,o5sSIufqFR9M,Heda,Grumell,1983-12-01,3261124180,hgrumelln9@goodreads.com,2216086795454198
263154374313,dkariml2,bIuWCD4,Dannie,Karim,2001-12-05,4141719375,dkariml2@pinterest.com,814077558935110
266937032074,aporcherdx,wMUP6f0OKdl,Abigael,Porcher,1965-05-19,5092670512,aporcherdx@smugmug.com,4310755893324190
271337445089,ubartleman37,lO8z5oa3rUWZ,Urbanus,Bartleman,1982-11-24,8801300068,ubartleman37@walmart.com,3519510786785339
272048576465,skemson7o,SDOX7HBl,Stavro,Kemson,1995-05-22,6568470520,skemson7o@bbc.co.uk,3157954420212112
272437344922,zimlochis,Blt3Wt,Zahara,Imloch,1985-08-06,1412155792,zimlochis@instagram.com,1012853823787285
272982828031,acollerd9z,bai9Po,Abbey,Collerd,1960-12-05,1064113722,acollerd9z@feedburner.com,3635733599521755
276400288714,ipapps60,IxwkYVTpEJ,Ira,Papps,2003-03-08,2066290355,ipapps60@ask.com,7410223469911915
280627824590,lrambleky,oiFo5rm5BsMu,Lonnie,Ramble,1976-05-09,7179030913,lrambleky@wired.com,9063908989542925
280705584909,cduggonhs,S26pq5hoR,Corby,Duggon,1980-12-29,3436552671,cduggonhs@wisc.edu,8153581429879929
283365079760,rformoy7s,luBdwN3wgDD,Rivy,Formoy,1962-12-25,1914364413,rformoy7s@economist.com,1570111149978815
284575790417,rlochranr1,4yQPeR,Rayna,Lochran,1965-01-21,5914975299,rlochranr1@nydailynews.com,5503055331926396
284896899268,bsellanbc,fdbw49et4,Bengt,Sellan,1983-04-03,7558968310,bsellanbc@wufoo.com,7135415113130245
286492283225,cwhittiermq,SMIGXsCEf,Charlie,Whittier,1968-06-19,1588673231,cwhittiermq@oakley.com,9325351918596734
286979705567,kleaves4i,7otV6Yar,Kirstin,Leaves,1963-12-31,9805727470,kleaves4i@mozilla.org,2069091055795155
289276262197,wbaily5c,ZWA0ZqYq3t,Westley,Baily,1984-08-07,2998511129,wbaily5c@joomla.org,9095302532787801
293136334861,rsails1e,HVOPup9gZu,Rochelle,Sails,1971-06-28,8646899782,rsails1e@domainmarket.com,4020279216328525
297229395061,cpicfordpo,bSfMsy6,Conn,Picford,1977-10-02,9101969149,cpicfordpo@soup.io,9002232346253587
298337125134,cpennicardk9,yEsm3PBWx,Cart,Pennicard,1983-01-18,9006244040,cpennicardk9@yahoo.co.jp,3707018384733203
298628448324,dcaswill2k,ILCXfmys0,Darrell,Caswill,1974-06-27,2801638032,dcaswill2k@senate.gov,2568129871054567
299486406733,rwisbey4f,8iy8jH0K,Rodge,Wisbey,1977-01-12,8307220496,rwisbey4f@godaddy.com,3357761293580248
300156163213,ckerr32,qhP095n,Cicily,Kerr,1969-05-09,9144652718,ckerr32@technorati.com,3117404908763999
303903304847,cleal5r,6ttyA7Jvb,Chuck,Leal,1994-03-24,8345822887,cleal5r@gravatar.com,5469011779753141
306420487934,palmond93,dVmHilpWwBen,Petronella,Almond,1976-12-30,1654497156,palmond93@freewebs.com,1495679757697509
306919235680,jcryerc0,y7qupQ37laeu,Jock,Cryer,1997-05-14,8174398810,jcryerc0@shutterfly.com,8145439118366527
308665423319,kdutchdq,h22wLbp1d,Kit,Dutch,2001-06-21,5285465279,kdutchdq@sciencedirect.com,3273651945529459
309251417323,hpendletonkk,6Q3afBgIB,Hugh,Pendleton,1978-09-09,6892657462,hpendletonkk@indiatimes.com,3070343928751149
309475580184,mhapgooddi,7AYxwv0y0QU3,Morganica,Hapgood,1999-12-22,7888945885,mhapgooddi@edublogs.org,4076719057737628
310289615665,bsieurc3,Fy6C9n,Brita,Sieur,1996-12-13,9674859504,bsieurc3@a8.net,7818857507053018
311010903778,bschooley6f,0MaNVOZFrCHq,Brit,Schooley,1969-10-05,3525153831,bschooley6f@xinhuanet.com,6496315816791516
312023844884,llombardo5l,IarUjWvj4,Loreen,Lombardo,1981-03-28,5064495848,llombardo5l@naver.com,650638557742421
312088221600,srichti,2ToPqqqPl,Shelly,Richt,1983-07-18,1496145160,srichti@house.gov,8379745560029949
316051168560,gkirsoppjp,unnSI4f,Graeme,Kirsopp,2001-10-17,1948805179,gkirsoppjp@hostgator.com,8433270153746469
320118217012,mmanns5n,HufFoVpv,Mellisent,Manns,2002-12-22,1257326878,mmanns5n@un.org,7576070880125739
324965733001,avelasquez7k,qhJypHdPjHr,Ainsley,Velasquez,1973-12-08,2516417093,avelasquez7k@who.int,6495164739316288
328399288502,lwrathmallfp,bGQeWYkoCi8,Leyla,Wrathmall,1996-09-27,3058381238,lwrathmallfp@time.com,8908540216740527
330681279244,dmichelmorev,QChDwtc9,Danny,Michelmore,1983-11-23,8276491966,dmichelmorev@home.pl,9372394882370233
332228260704,bbedboro9l,wS9PzmDw,Bayard,Bedboro,1975-02-03,9115644531,bbedboro9l@acquirethisname.com,3102297422579114
332811653345,jruppertzm5,kJTjLr,Jeffry,Ruppertz,1965-07-12,8106424095,jruppertzm5@istockphoto.com,2859441076653286
334647433820,fvittela,AkwBHI,Felicdad,Vittel,1984-10-02,2834299128,fvittela@mtv.com,4689704706972596
339245364115,hmarfell2e,wbh5PKz,Harvey,Marfell,1975-09-21,1667767628,hmarfell2e@usnews.com,2372700084475722
339780519528,vstormouthoj,OKccmKa,Veronica,Stormouth,1971-01-11,1879961152,vstormouthoj@abc.net.au,2682035877104156
341084543040,sbrauns73,hqtARPl9M,Stafford,Brauns,1979-10-04,4212176190,sbrauns73@bloglines.com,4715622795880230
343204791502,igunther5d,vPgcRAqH9p,Isaiah,Gunther,2001-08-02,5911091797,igunther5d@paypal.com,7873336129637420
345466954979,hotsonat,TnKB76lrn,Huntley,Otson,1982-03-04,3206672580,hotsonat@imgur.com,6252195209135468
351454072201,dwallworkeph,sM6bAmKPP,Dugald,Wallworke,1976-02-22,6581697076,dwallworkeph@loc.gov,4560992938067668
352063730537,smcritchieft,Ns8SKvbYUDxi,Sissie,McRitchie,1980-07-13,2071191265,smcritchieft@smugmug.com,2481288891147101
352216886286,fsimoncini76,YpXcYFO,Fields,Simoncini,1962-06-24,8856965362,fsimoncini76@moonfruit.com,8393257684252996
352258721334,moverell4s,r4hkIEpK,Mufinella,Overell,2000-01-05,5791366487,moverell4s@feedburner.com,5380317458572148
353103300350,caldwich9s,7En1V6lPQgg,Craggy,Aldwich,1999-07-09,9893865148,caldwich9s@wikipedia.org,1769403214110124
353533667061,lbaiteypw,aTLXIAfy3c2I,Lula,Baitey,1994-08-30,5497002533,lbaiteypw@dion.ne.jp,7557122539631558
354288711567,alaskeye3,MgSDTxHSEcD,Aldridge,Laskey,1996-04-17,5815302306,alaskeye3@bloomberg.com,3803426728721583
354575621591,rgebb5q,BfDYUqsxygyz,Robin,Gebb,1998-04-06,4111356661,rgebb5q@indiegogo.com,972312796955269
358713837512,lswirecg,fHpa3j,Lu,Swire,1997-03-24,9557359327,lswirecg@discovery.com,1174280516478940
358997323434,ecarlyoni5,ZCu688c21HVT,Elka,Carlyon,1996-03-12,4127463069,ecarlyoni5@cocolog-nifty.com,178548685447574
359220755795,bsimoninip5,nsXxOX,Bartolemo,Simonini,1968-02-22,9291234330,bsimoninip5@accuweather.com,8811242881972438
359638151897,gperrottetb3,Rge7WzQG,Gawen,Perrottet,1975-07-08,6113407051,gperrottetb3@linkedin.com,8106999332999695
363244215268,jstainton9g,lYetzYhV,Jo ann,Stainton,1967-01-19,2875403546,jstainton9g@apache.org,7201226114213404
364132480464,rgajownikht,vUdYczxUlMTz,Rich,Gajownik,1961-06-10,4905051059,rgajownikht@squarespace.com,1260929536168527
364340037804,tpowe2i,s9zKwMkv7gA,Tremaine,Powe,1966-06-10,8741832953,tpowe2i@blogger.com,6871832222187817
367005392427,wblownjy,raELIZyiiTX,Wylma,Blown,1983-09-24,2864210781,wblownjy@springer.com,7131215200130652
369903154964,amacilory6b,ZIN9WUb,Abey,MacIlory,1964-02-17,2198197351,amacilory6b@biglobe.ne.jp,7983931501315826
371166424587,cgiddonsr4,Y0ShX8W04aPN,Christoffer,Giddons,1995-12-20,7421473481,cgiddonsr4@tumblr.com,8821046990864469
374453190502,llishmana2,K8Y9duACc,Livvie,Lishman,1968-04-28,7439291980,llishmana2@ustream.tv,7698218100413433
378622954345,dcountf9,r5vGpPvyU5,Danell,Count,1999-09-15,2176803623,dcountf9@github.com,2478718541616551
379670608503,awarmanap,SVFbqCP,Aldo,Warman,1998-02-10,4492563867,awarmanap@nature.com,4140097673633765
381995153519,lduddyu,tV6yToiV,Lisha,Duddy,1998-08-23,1163125136,lduddyu@sphinn.com,4948918307331460
382443607209,wcislandqg,dPryagiPBQ,Winston,Cisland,1971-05-30,9013532268,wcislandqg@ihg.com,4007943999275814
386599517647,gvereganle,KTlE5gBHZ,Greta,Veregan,1960-07-26,7046105870,gvereganle@sciencedirect.com,3262235036321839
386981018048,aschimann94,E3LWIDF6HNRa,Amandie,Schimann,1972-03-23,4599175231,aschimann94@house.gov,4558227987379300
387104750590,nbroskecv,GeuLO7lvFJU8,Nicky,Broske,1984-06-17,2457974904,nbroskecv@intel.com,2445592515735458
388772472924,tralphkb,9zYR6KNIp,Tyson,Ralph,1969-01-24,6948810315,tralphkb@ovh.net,1366848414079894
389069063540,ckurtisd8,AJhLgnEZW,Cad,Kurtis,1972-01-25,3412672589,ckurtisd8@yolasite.com,2226139838709443
389649793981,epridiejj,ByY5uF2,Elfie,Pridie,1963-06-06,2497781330,epridiejj@army.mil,4081443691327698
390763635281,csiveyergq,7ejBwBYcBac,Caresse,Siveyer,1991-09-28,7486257785,csiveyergq@sbwire.com,1183706635274017
393390841129,djansen2g,LpGWGhp0O,Danika,Jansen,1975-06-01,6193053101,djansen2g@constantcontact.com,3423828753843451
393805324996,apechanj9,hettgeg,Almira,Pechan,1997-06-26,7588622293,apechanj9@who.int,9364631265485615
395756151852,sbaultkw,6hqxrEgi,Siobhan,Bault,1965-03-06,5649087780,sbaultkw@yandex.ru,5366382513618747
396573819297,psollarsqh,ql3ywy,Patrizio,Sollars,1970-02-01,8401953437,psollarsqh@phpbb.com,7136000527148495
398201758933,adechelle74,u1XDLDUfDGDz,Aldwin,Dechelle,1966-02-13,1361583149,adechelle74@fotki.com,7266984463131379
398279640161,bdadamoro,OSevuk,Barbey,D'Adamo,1985-11-21,9951581486,bdadamoro@newsvine.com,9307748832365018
399476908273,fnoniq2,tENyrIwDxr,Fleur,Noni,1985-03-26,7005656369,fnoniq2@odnoklassniki.ru,7816126213328344
399600718292,xgoftonn8,qJsFTG9,Xavier,Gofton,1975-10-20,4021569692,xgoftonn8@shareasale.com,5593363779496697
400048192216,jgandar6l,Kju2Osrn7,Joseito,Gandar,2001-09-25,8405760536,jgandar6l@imgur.com,5233932310453788
403166945417,ematthiusl7,wu0EAsrtF,Esra,Matthius,1960-12-16,5124459336,ematthiusl7@icio.us,3398089723334515
404605000537,vwillgressp,k8NJW7fy,Vinnie,Willgress,1973-04-20,9906365208,vwillgressp@360.cn,1309877073887052
405819980488,mlammersfe,X0NSkIgzkSdX,Millicent,Lammers,1991-10-17,9692990355,mlammersfe@freewebs.com,6050863404562434
408276384428,dfosdickqk,IjDikToA2ntL,Deeann,Fosdick,1987-06-19,7939789002,dfosdickqk@aol.com,6023994936931236
409847410492,espurlinggw,5jgAvS1E838,Ethan,Spurling,1975-06-08,6751534084,espurlinggw@dell.com,6964261241761839
413559687781,dandrieux6z,U7YHwL7v,Dore,Andrieux,1961-07-12,9292838428,dandrieux6z@imageshack.us,8031176028651188
414365529871,rkeemsqp,JrgSOwCRJIaZ,Roi,Keems,1983-03-22,1403565090,rkeemsqp@alibaba.com,9667604188062935
416603664612,rsqueers8u,WajZlag,Remington,Squeers,1991-09-02,7352063719,rsqueers8u@over-blog.com,3251610786181273
417529239129,lcoverdale8g,1UkDPGV,Lauretta,Coverdale,1970-07-13,5222970979,lcoverdale8g@globo.com,336246614647262
418496998477,wstudda0,d42KHmPZk4Y,Winni,Studd,2001-11-05,5333441606,wstudda0@google.ca,341444742067304
418799120335,bsquelchl1,b2a09ncB,Breena,Squelch,1962-10-24,9804820372,bsquelchl1@netvibes.com,9327743162726453
428670375530,elepopejr,dU2jcY2,Evy,Lepope,1989-11-10,8981373476,elepopejr@yellowpages.com,5100580600867633
428690549976,ddarrigolo,grw5olfd1q,Donall,D'Arrigo,1994-09-29,2713257379,ddarrigolo@amazon.com,3193582442664629
431383206896,lwarrickerg3,NBWU9yqDVm,Leanora,Warricker,1984-11-20,1104612523,lwarrickerg3@digg.com,2708430236059952
431735303098,mdikelsh0,H2rYq3,Mason,Dikels,1970-10-03,1883063093,mdikelsh0@i2i.jp,1682006702983174
431748159466,ebaggarley9o,o4BP5Pqq2fhJ,Eda,Baggarley,1981-10-05,3777967298,ebaggarley9o@live.com,1144920029571184
434457598771,fosichevbo,TYwBe7oLkU,Fidela,Osichev,1966-08-15,3436156807,fosichevbo@si.edu,6637313722794248
434886250408,sogilvieii,tnqm8ynqULL,Sophey,Ogilvie,1975-07-01,1425073378,sogilvieii@irs.gov,6679299615135750
434916579525,ocassedy35,Epgw9hcfkkA,Ole,Cassedy,1982-06-29,8652287892,ocassedy35@wufoo.com,8672295475938698
435087610233,erowntreep6,Pa9RmowT5Lh,Ellie,Rowntree,1963-01-04,5168929190,erowntreep6@desdev.cn,9997805060849903
435164260923,aboycott31,ML9Mw5w,Aline,Boycott,1963-02-25,3429733788,aboycott31@harvard.edu,6245815771401359
435279241488,ajandacg8,rtqO3pq,Aidan,Jandac,1963-03-18,8278372272,ajandacg8@bing.com,1213665087242914
435349209500,mbratta7,XrRYoF6bgVm,Mersey,Bratt,1983-11-13,1265081449,mbratta7@printfriendly.com,2566745994054470
438749468006,spedrocchiq1,lVjiz3xr7,Sig,Pedrocchi,1990-09-04,9521454499,spedrocchiq1@slate.com,9784421253756273
439583680413,jtapperq,xTG4m6XfAu,Jeff,Tapper,1981-08-27,1713429660,jtapperq@nba.com,4568027967445664
442484009659,edring5,46kvgONEnFpU,Em,Dring,1984-10-28,3758898387,edring5@163.com,9491745081746430
446436292788,ewellkc,8BlNhv,Ephrem,Well,1984-07-18,4495485675,ewellkc@howstuffworks.com,8095763886445405
446741015921,wendleyas,QIIRs1P5N,Wallache,Endley,1977-06-21,9382635907,wendleyas@creativecommons.org,5714247599801812
448418430003,sgreystokeof,jlPz8K,Sammie,Greystoke,1963-03-17,4449114037,sgreystokeof@mysql.com,9284430468777759
448789660860,mkerans3e,yD4cdb,Mavis,Kerans,1985-08-16,9487306951,mkerans3e@boston.com,2059469507165610
449219363534,texer24,G6OSPHIkvwBG,Tabby,Exer,1966-11-07,1996010919,texer24@jiathis.com,5019658995985628
449945889655,flukins1u,UHtH24jG,Florance,Lukins,1991-07-18,7557342793,flukins1u@mtv.com,1678771167664750
452061752286,vsearle3a,hCwDdnElV1W8,Vyky,Searle,1974-03-09,1804359421,vsearle3a@github.com,689421961377701
453054157989,mvereyjs,1tdHouTn7WM,Moira,Verey,1978-08-10,5274596593,mvereyjs@so-net.ne.jp,9816335115400576
453062293557,ebanyardme,VwYBQr4n4,Enrika,Banyard,1996-07-19,5217109074,ebanyardme@360.cn,3152529438985048
453525566249,palvenlw,s3RQsSbrXT1,Paddie,Alven,1975-03-02,7317206090,palvenlw@fc2.com,9514537850240579
455239998207,cwafer2j,rtWJJuX6YqKF,Ciel,Wafer,1992-11-19,2953949874,cwafer2j@people.com.cn,144444507011922
455724076343,hmacrae7b,V3tfCJ1,Helyn,Macrae,1973-12-19,8878897403,hmacrae7b@flickr.com,2510304791344634
456200320319,jteanbyps,CQZy44xpx,Jerri,Teanby,1961-02-11,2456464324,jteanbyps@cdc.gov,9841389581314356
467275938468,kjustik,aHaSCe1,Kit,Just,1960-12-30,6122197667,kjustik@amazonaws.com,1752513410237717
467777682461,sstronachc8,VxTw6PAVQ,Stacee,Stronach,2004-03-10,1234661951,sstronachc8@gizmodo.com,3606907254228889
468971426415,tatkinr,xm8VEbafjr1,Trenna,Atkin,1989-06-02,1501022226,tatkinr@squarespace.com,6272320631924354
469852394981,mgoldsmith58,QbJLcIs,Marketa,Goldsmith,1997-04-20,9196925363,mgoldsmith58@studiopress.com,1334554309483163
471615519905,pmaslen9e,LqxF8viXodjN,Pietro,Maslen,1987-12-19,6807145272,pmaslen9e@dyndns.org,8677395674151289
474096830956,jhumpatchqv,cuFzimcMxKQ0,Jobi,Humpatch,1974-06-22,8042599564,jhumpatchqv@ask.com,1703099758224342
476634065832,rparletm3,IW9OkUOIEp,Rolando,Parlet,1972-06-28,2096947421,rparletm3@nature.com,1758302840752937
476749314357,lmahmoodcd,yQtUHLF8K,Lethia,Mahmood,2001-02-25,3504484680,lmahmoodcd@ustream.tv,1491174503049056
479280529685,tgawthorpe6r,cwxCTO84px,Thaine,Gawthorpe,1960-07-15,6249417856,tgawthorpe6r@imgur.com,3660253128301831
480596418769,ebulterpy,Q8YIVL,Eliza,Bulter,1976-10-04,3125038882,ebulterpy@engadget.com,9943663897309308
480763474013,dpeattgr,l9GyXPA1KY,Dunn,Peatt,2000-01-25,2404247464,dpeattgr@pbs.org,1956530837700738
482196517498,mtremble4m,uuX8wM,Merridie,Tremble,1963-11-01,4591365303,mtremble4m@tinyurl.com,3226885248766616
482464582213,fpetrasm1,1LWl36eNRS,Flossie,Petras,2004-02-21,7402359774,fpetrasm1@ask.com,1670816326987129
488101005323,pchildbr,pgFlCMGm0,Phineas,Child,1961-10-25,3044835958,pchildbr@state.gov,5390777334823943
489495650238,wmaunpx,EzU59M,Wenda,Maun,2002-07-18,2642979900,wmaunpx@reference.com,1545958679168949
492582013975,tberwickdg,jofdeLNR,Tommie,Berwick,1972-03-04,4389030495,tberwickdg@com.com,8398536827608119
493958041053,fdelmonte7,n20nh5v,Farah,Del Monte,1984-06-07,7396377525,fdelmonte7@latimes.com,8200192968442398
494399457280,cmintramk,QZbVnZ8h,Constancia,Mintram,1978-09-17,6184439046,cmintramk@tripadvisor.com,3656327291611034
497211879982,csawley87,tNjtonJ,Ced,Sawley,1987-01-04,6316864604,csawley87@4shared.com,9739818234667224
504243236015,aschistl8d,u0mZv2s2,Auberon,Schistl,1988-04-02,1094348192,aschistl8d@macromedia.com,1657910547014864
505166718164,dsudworth1j,rcS64wfYXW,Dulcia,Sudworth,1964-01-05,8266452115,dsudworth1j@earthlink.net,4899309145953947
505817438075,nbarenskir8,xlBndXpsue,Nissie,Barenski,1988-10-29,1683375466,nbarenskir8@miibeian.gov.cn,3232075928113795
506038893522,kgrishagin1l,EeiPwX7Kz,Kelcie,Grishagin,1961-12-25,5576914054,kgrishagin1l@exblog.jp,1910391273498881
507431045893,xturpie5v,SFkeR40DUcGj,Xaviera,Turpie,1987-08-31,2444845599,xturpie5v@live.com,2549882390978420
509132230447,prangleeg,bkXz6E567,Pamela,Rangle,1997-01-06,3968115193,prangleeg@amazon.de,8837894204227743
511638736774,eortelt2c,GrntQcxZ,Emyle,Ortelt,1986-07-21,8544553247,eortelt2c@canalblog.com,7069569239192521
512039666929,rlegood21,mCEyig6nE,Rutherford,Le-Good,1996-10-16,9748343246,rlegood21@studiopress.com,4802444216590824
515120791144,ccodeli,H9oeT4,Chick,Code,1997-12-25,1338169120,ccodeli@geocities.com,7961378289146643
515843388969,bmccumskay3k,p7ouhGsNXSZ,Birgitta,McCumskay,1974-03-21,2545494722,bmccumskay3k@baidu.com,9370273128376966
517353390445,rbolmannfj,sDyVbgPNTc,Ryann,Bolmann,1979-02-14,6425228320,rbolmannfj@hugedomains.com,7723855957253640
517449332782,ovogel8z,80hmIA8bp,Otha,Vogel,1961-11-27,5182638004,ovogel8z@nifty.com,4235260029897079
517680977465,gblazey0,CE5BhrF,Gualterio,Blazey,2002-09-03,2112199141,gblazey0@ebay.co.uk,2443175819732294
519638035213,fbartigh,Rg1dJsq,Falkner,Barti,1960-11-24,4255409209,fbartigh@eepurl.com,3077113186345953
519854669090,jcardenasbw,0EZUaBOyhU,Jessika,Cardenas,1967-11-23,6105463753,jcardenasbw@facebook.com,1376117763065886
520147731384,smounchi8,CcW8XV1v,Sheelah,Mounch,1996-11-22,9409923117,smounchi8@multiply.com,1477353020462605
525646040779,ccaganjc,1l35UHUEZ,Cal,Cagan,1985-07-25,7341958722,ccaganjc@51.la,536433706765379
525752323856,cairyow,KGnp7x6,Calv,Airy,1985-08-18,7784541500,cairyow@ted.com,2174099396614178
529180022544,nlarmor5i,mkqGR7fTd,Nickie,Larmor,2001-01-17,2418755479,nlarmor5i@go.com,1550311606499707
529626663096,dlesurfd3,UUiwxBbse3kh,Deeann,Lesurf,1998-06-29,7895520734,dlesurfd3@dailymail.co.uk,4168497520261933
529763076097,msire7h,WbGuBr,Marabel,Sire,1999-12-22,9993357328,msire7h@t-online.de,7875046867445459
529778640375,bpalmar39,PGfEFd,Beryl,Palmar,1995-11-20,6185020877,bpalmar39@illinois.edu,7392644904715877
529826119741,ggregorykd,wbTKUiwlaR8a,Glori,Gregory,1964-04-12,5693759663,ggregorykd@hp.com,3278898053517456
530037171299,ccrallanrq,pJr1Vn,Cecile,Crallan,1965-02-02,2505784004,ccrallanrq@vk.com,7184004212361157
533763018101,esangsterhj,xmJLPp,Elfreda,Sangster,1973-03-06,1724102232,esangsterhj@state.tx.us,8027492275399366
534378747568,lnodesn7,aHzu8Ms8Ln,Lillian,Nodes,2003-05-03,3929576124,lnodesn7@lulu.com,7779606122850479
534763041922,lalvaradoen,Scibsd,Lavena,Alvarado,1990-11-03,9484173080,lalvaradoen@mashable.com,2734032888251451
540305674834,bdasentg,i1JCWId,Barrie,Dasent,1968-05-07,6649146534,bdasentg@phpbb.com,4918559694985363
543531478701,rhenriquetgd,nBqxpW3cLo,Rice,Henriquet,1994-01-18,3553561419,rhenriquetgd@howstuffworks.com,4972088981845638
544078553167,tdraynji,jxoZvX4kTBwN,Thaddeus,Drayn,1992-09-22,8007686216,tdraynji@biglobe.ne.jp,3345780401825483
544421628099,moakeby7m,P5BN4swdSei,Miquela,Oakeby,1997-09-03,5197520609,moakeby7m@sakura.ne.jp,824559570646216
549112809224,emccreery6u,cVTN83bQ,Esta,McCreery,1969-03-22,6761060683,emccreery6u@nhs.uk,2001555230547865
550956270940,bgenn9b,axAuicNUG9,Brinna,Genn,1985-05-04,8006589968,bgenn9b@myspace.com,9950135663078893
551961080503,sriccardohq,FpL7cWcwQO,Sidnee,Riccardo,1964-04-29,5137860182,sriccardohq@walmart.com,6929655122070164
552494053134,wbruhnicke8r,5OOMdNJTc9,Woodie,Bruhnicke,1970-04-28,7459570303,wbruhnicke8r@vimeo.com,8155485579997740
553744497222,nvispo64,OpTzARKyjq4,Noreen,Vispo,1979-09-09,9427657425,nvispo64@shutterfly.com,9339912000452398
555316270238,pbracken2z,84LZw3oj,Peggie,Bracken,1961-03-07,5219928737,pbracken2z@cisco.com,9584697379677060
556529993968,rgairdner71,oCfHf7U,Rosemonde,Gairdner,1970-10-10,9479461939,rgairdner71@twitpic.com,5494418575957174
558449256617,glewndenf0,SCOXelLJqc,Giorgi,Lewnden,1975-01-01,1487920860,glewndenf0@xing.com,3401650341227414
561820567216,afouracrepa,wM7BzfflN,Augie,Fouracre,1982-07-30,8077499354,afouracrepa@ask.com,9025140396339304
561970116717,jquinnelly9q,wA8JxNnw14,Justin,Quinnelly,1996-09-08,8294156688,jquinnelly9q@shutterfly.com,1865155969979693
562160093149,uhunnicuttiw,GMAG9Lmb1d1,Uriel,Hunnicutt,1962-07-04,8084189268,uhunnicuttiw@abc.net.au,7145611019651927
565519598416,jsantora5w,rWJSnlgqi,Jonah,Santora,1988-10-24,5257877225,jsantora5w@buzzfeed.com,3088372362399575
566704743642,mferobd,GmU6dekxnCV,Myrna,Fero,2003-11-21,9557620600,mferobd@wikispaces.com,843157650342649
567070288830,pduignaniy,pXblbl,Peggy,Duignan,1969-09-01,5006441762,pduignaniy@nytimes.com,3427766579887194
567851853498,nmynett7w,fPVfwfS6,Nels,Mynett,1999-09-05,3906047036,nmynett7w@github.com,5663965668224415
568101191786,jcussinsi4,nVB9o5s,Jdavie,Cussins,2000-04-15,4191550644,jcussinsi4@google.co.uk,7934996105952738
572389652535,oespinal9u,50WIMfW,Ogdon,Espinal,1996-01-11,2958854675,oespinal9u@live.com,2339541625149925
576267393427,jmcrobertn3,vl2zndUV,Jinny,McRobert,1963-10-24,6629640707,jmcrobertn3@unblog.fr,8751065475257400
579179985591,morrellal,DODgNpt,Margarete,Orrell,1982-05-12,5533962108,morrellal@imdb.com,7699888069718544
581665850994,sagneau7t,718OC1Q2Xgd,Sharia,Agneau,1968-05-04,7528794639,sagneau7t@php.net,8264560869640008
586489799194,zkingscottku,UAZkh4DCkppe,Zack,Kingscott,1965-03-30,9528127480,zkingscottku@nature.com,821558571304720
586793670506,dborgnoli9,7jrDNcNwGzH,Den,Borgnol,1993-09-11,2691155466,dborgnoli9@tripadvisor.com,584227910544405
587112209879,rnutman3u,xfsjdE,Rodger,Nutman,1980-01-10,7858808460,rnutman3u@fema.gov,3130619888836054
591458097201,gtucknottla,NH7BH297,Gunther,Tucknott,1969-03-06,7037299221,gtucknottla@vkontakte.ru,4049754657658254
593243463266,abrocket2,r4QUZXv,Aldo,Brocket,1986-05-16,3198305896,abrocket2@wisc.edu,2596251374052471
594466262025,acawoodf1,P4xe94G30,Amabel,Cawood,1976-04-08,7045291938,acawoodf1@aboutads.info,3547775409029163
595509947571,mcunnah98,az4xXdzzsG,Mel,Cunnah,1979-05-09,7093481695,mcunnah98@dailymail.co.uk,4950061897946934
596492237134,gtestin1a,fpKsePkWSUNZ,Gertrude,Testin,1982-11-25,3205979409,gtestin1a@google.co.uk,7340880525516241
597290853149,jbodechonn0,uLpWkJRrjn,Josi,Bodechon,1998-06-19,8747273542,jbodechonn0@ted.com,5941354773448018
599368308430,mskeermerom,wgziwiWeBQ2d,Maddi,Skeermer,1963-05-08,5024441245,mskeermerom@statcounter.com,3954287156589811
600002034264,jdelagneshn,C1FoNc,Janka,Delagnes,1971-03-29,6042429758,jdelagneshn@php.net,1946986583542526
601289928207,eberdale8a,ZWZJP8wA,Elston,Berdale,1997-02-25,3881854484,eberdale8a@cam.ac.uk,8124081874438962
602112092359,jfruser26,MgZcg68ZN,Jodie,Fruser,1988-05-28,2359530416,jfruser26@bing.com,7284610934198512
602538118295,ttydemanc2,n247wb,Teresita,Tydeman,2003-10-20,8275366178,ttydemanc2@sciencedaily.com,9591533033860804
603108827655,ccassinrf,5m7p60A179n,Corey,Cassin,1983-08-06,3892530987,ccassinrf@typepad.com,8681858701614916
603133101703,ggianulli1x,4Un1i3,Georgie,Gianulli,1994-09-11,7546436404,ggianulli1x@hao123.com,4220704809776465
603750489997,gblevinl9,cf0wbxGH,Gale,Blevin,1991-03-05,3606258436,gblevinl9@rediff.com,7715948089148557
604005558347,mwatton82,cBbtPheoh,Marta,Watton,1972-08-14,9764721742,mwatton82@cnet.com,9544680050597228
604020241870,tcanham6a,QrfgCJd4gTF,Trula,Canham,1986-04-19,1771830142,tcanham6a@devhub.com,4471075397346489
605169656597,aclementse,8IpZX6Sews,Anthony,Clements,1988-03-09,2167115874,aclementse@wiley.com,830214008637445
606105013659,vchaizect,brocLH4W9vnv,Von,Chaize,1990-12-03,9035425243,vchaizect@list-manage.com,7203130608266600
606213566420,pperlehb,5TKuFx8,Peder,Perle,2002-04-13,7794465518,pperlehb@salon.com,8140014673739722
607293056035,chorribineev,JgJ9hBV7Ty,Celle,Horribine,1994-04-01,5431965135,chorribineev@is.gd,4681494256571958
611501621513,mhames69,a52vUdwKkiP,Matti,Hames,1983-05-25,9745124447,mhames69@storify.com,8690032567598518
612796214975,dsoppitt5m,q8TPmoPmj,Dorolice,Soppitt,2002-10-12,5588175921,dsoppitt5m@ocn.ne.jp,7483702055240496
617216598468,gvanhalleop,WxYD8Mgrw,Grata,Van Halle,1995-09-05,7088986411,gvanhalleop@hp.com,3555388738348249
620339088997,pgrumley28,DO4wWQzqJg,Phebe,Grumley,1962-09-11,2069251221,pgrumley28@dot.gov,5626163067736107
620991103131,dmccowankx,Agsd5zpUKwi,Debor,McCowan,1985-05-12,7949400018,dmccowankx@marriott.com,1127196165355068
621816645014,ggillani2w,FwBJFVdCS6Nq,Giavani,Gillani,1981-04-04,6657240757,ggillani2w@com.com,8225941205275646
626470622128,rwhenman2r,aLFFCrOcCCP9,Robbert,Whenman,1969-01-13,5294152622,rwhenman2r@utexas.edu,1585986645656360
627381358441,kniaves2u,5lEGfIScF06,Karlan,Niaves,2004-09-09,3084725878,kniaves2u@shutterfly.com,7793859699716480
627968767512,pgrabera6,px8NE56Xqoy,Pascale,Graber,2003-06-20,8895216930,pgrabera6@wired.com,6965637655663888
633119617542,rtrekerg0,iKFwuKT,Rozelle,Treker,1993-12-25,1861409080,rtrekerg0@patch.com,5728900678141954
636631323763,sdimitriek2,lTgagR,Sanderson,Dimitrie,1988-05-26,4059989885,sdimitriek2@freewebs.com,7185259465857055
637042900231,tlotheanjg,bOqYbP,Torrin,Lothean,1997-01-08,4016037793,tlotheanjg@va.gov,9910825886657395
637219199258,tdelhay72,E7LeqWQhIhp,Tyne,Delhay,1972-03-16,2192615901,tdelhay72@chron.com,4127386003854198
638188748279,bosgardbyav,Ow1Z9kqAnB,Bret,Osgardby,1989-10-05,5951761719,bosgardbyav@cmu.edu,9863458899794959
638287818033,mwinsperje,Vrwfww,Marion,Winsper,1982-07-29,4339844480,mwinsperje@telegraph.co.uk,1619433680313583
638355641878,vwhitnall4q,iwkX3x3ZFS,Vincenty,Whitnall,1960-03-06,6015842895,vwhitnall4q@dell.com,1394953444177694
638619186658,ovasyutinpb,oNfS7GJtJHL,Othella,Vasyutin,1991-09-06,4898391569,ovasyutinpb@chronoengine.com,1120611564139151
640357595102,cambrosiox,UMOJtwaGd,Craig,Ambrosio,1971-01-10,6425554924,cambrosiox@ibm.com,1360097393897279
641082657185,jprattyg9,XFdxnCtqj49,Janie,Pratty,1997-08-30,9178114458,jprattyg9@blog.com,5655949693786745
643725027231,dschmuhl4j,N8GD545s8p4H,Dorolisa,Schmuhl,1991-01-16,4683872274,dschmuhl4j@skype.com,9518711364552122
643783766733,rgenteryc1,thJsMrn4,Renee,Gentery,1974-03-28,9761069748,rgenteryc1@uol.com.br,2961715887353949
643941890539,gjandakra,mMEB4fdj,Gabriello,Jandak,1971-09-11,5143459351,gjandakra@photobucket.com,9785007419644298
647850102417,smeakedt,1HTu4DIO,Sunny,Meake,1966-02-09,8595775701,smeakedt@washingtonpost.com,7951154280070787
648413838689,vhinerob,6OM9euwL,Veda,Hiner,1976-08-25,2494655475,vhinerob@live.com,739379829802330
652950529225,jjendricke9h,1HmA9LBkyD,Jess,Jendricke,1969-01-16,8363013630,jjendricke9h@scribd.com,573760353916962
654004162292,lmilverton1y,RGT5iY,Lilias,Milverton,1968-10-26,2188588897,lmilverton1y@noaa.gov,1385626976412614
654426008612,hmurfettbe,vT4UxJETPUFt,Harley,Murfett,1990-02-14,9323018681,hmurfettbe@nyu.edu,9118311184053361
655840252012,gleasfx,CgqfJWfWy,Garth,Leas,1993-11-10,5561116770,gleasfx@biblegateway.com,8025771301294433
655957430115,wmcbay77,GgZi6PdkSN8,Worthy,McBay,2003-09-25,5502453632,wmcbay77@soup.io,8924387579921782
656738477266,gcummings4n,BiCYXSv6Th,Georgena,Cummings,1978-11-24,6162908321,gcummings4n@pcworld.com,455965333797946
658607345538,lpoynter1c,zzuS6NLUf8,Lacey,Poynter,1974-09-13,2512239961,lpoynter1c@godaddy.com,2528514727338279
659817819188,ddupreen,84MDBlQl,Duffie,Dupree,1981-12-14,6761473471,ddupreen@biblegateway.com,3621614396925828
660666053520,mkhoteric,HcxnIoe2w7,Monah,Khoter,2002-07-05,4087894826,mkhoteric@umich.edu,4822859024354613
661270039780,theatheref,YpAbeY,Thurston,Heather,1992-12-18,4034426470,theatheref@biblegateway.com,3682911288868266
662809193554,lbankesac,4Ot4XkG,Lay,Bankes,1965-10-13,8681436122,lbankesac@patch.com,3980619623352714
662951401473,etheseirakm,1AQevA,Ewan,Theseira,2003-07-11,3957410157,etheseirakm@netlog.com,5803810903101286
663232657897,dmcgaughiecu,hiOPVvD4,Datha,McGaughie,1996-07-15,8536668666,dmcgaughiecu@google.nl,8563488949150678
664109485228,glean2p,vHjFPNSwT4,Gannon,Lean,1991-09-06,7825766959,glean2p@buzzfeed.com,2728096754472773
665150232217,abrowningpd,Af0bjF,Ashlen,Browning,1969-05-13,4743396543,abrowningpd@qq.com,3842042899739171
665696905954,roakes5f,ytSftM,Royal,Oakes,1964-07-26,9404212741,roakes5f@goo.gl,7689305626216735
665908234930,ngolighergp,pPI8Dgm9y1,Natty,Goligher,1977-04-22,5377493569,ngolighergp@miibeian.gov.cn,7123432008450791
668821119388,tgodspedeh9,19u3dTmcoi,Tanner,Godspede,2000-05-14,5237306979,tgodspedeh9@cdbaby.com,8008019736853176
670090591035,aclethro8c,0zWrlNw4OJFw,Aile,Clethro,1999-10-27,2564772603,aclethro8c@jugem.jp,6112157225987483
679817399300,kshevels2v,nYqUqB2E,Keene,Shevels,1983-01-22,6083525014,kshevels2v@nature.com,4286912376432862
680849029959,fgarmston6x,PWNfzlC4kT5,Farand,Garmston,1960-05-15,5131504916,fgarmston6x@blogtalkradio.com,6588186638737625
681862824499,aromeril5k,lkquGh,Ara,Romeril,1976-05-20,5244746202,aromeril5k@gmpg.org,592356894713839
684498862424,kmussettiak,PucDbsxDNMt,Kirsteni,Mussetti,1966-01-22,9475109141,kmussettiak@is.gd,3740744134298311
684509656708,afoxley3y,ZZ3borkkv,Adora,Foxley,1994-06-10,4615262613,afoxley3y@alexa.com,9452890369525581
688236790238,ablinco56,3q1Lb5AG,Alexa,Blinco,1984-03-25,4233211952,ablinco56@microsoft.com,2526792373387493
690158807925,zhargatejb,CGPMYaa,Zolly,Hargate,2000-11-09,2166839991,zhargatejb@nhs.uk,554218623114810
690339623084,cmcnicklegt,LletDw86nWoq,Courtnay,McNickle,1971-05-15,7997006215,cmcnicklegt@myspace.com,630190135204234
691986483949,kvannicr,D5gy3gYlX,Kenneth,Vanni,1979-09-30,7701808594,kvannicr@gizmodo.com,381022307828583
692395547940,rpetrasso62,6LHXQ5td7,Roxi,Petrasso,1966-12-01,5942969852,rpetrasso62@nifty.com,2136164709441140
692828980144,ctimoneylp,lqQmUHhe,Carmelina,Timoney,1974-01-15,8835852844,ctimoneylp@dedecms.com,1702381562105390
693797322705,gthom4v,CW88rq,Goddart,Thom,1966-10-24,5202295352,gthom4v@tinyurl.com,9854760001464809
694335562702,slugden9k,g7uZjPZ2,Sallyann,Lugden,1970-05-10,7133962803,slugden9k@jalbum.net,6314794167277088
694866504716,bkarlowicz4y,lq45MOY,Babb,Karlowicz,1996-08-15,5902955415,bkarlowicz4y@godaddy.com,4192771404591888
695103031147,gcordrey5y,KhNPlqvFm5,Garold,Cordrey,1993-10-18,9983603868,gcordrey5y@wikimedia.org,7997694718193302
697894803476,smarre8e,Hl2ATB3O,Sigfrid,Marre,1961-03-02,4509401497,smarre8e@t-online.de,4876719765667076
699824259470,npahler,9XProTd,Nonie,Pahl,1998-05-06,1273661803,npahler@marriott.com,7205252447459569
700372838956,cdionsettit,bG3T5k,Christoforo,Dionsetti,1966-12-27,7798271842,cdionsettit@omniture.com,5615521994173680
701061236429,hwanekin,u0zzDglb,Hugues,Wanek,1961-07-28,1073949640,hwanekin@163.com,7986077245843423
703600946829,fwelburn16,7VNNjwyptUuY,Faunie,Welburn,2000-06-01,3721220999,fwelburn16@mit.edu,6439538401365171
704162232161,lhamlet2b,e0T4ecBRc,Lillis,Hamlet,1977-10-22,2434147837,lhamlet2b@nsw.gov.au,304766766736460
707349677030,csibbit81,4tcMxuEkMhrx,Codi,Sibbit,1995-08-21,3948716322,csibbit81@dedecms.com,3048645423611307
710102651340,jplant3r,ddLsyUeD,Josy,Plant,1965-09-11,3258086816,jplant3r@ca.gov,6927065208761175
710210038990,afrazer3h,sp02f9YRFD,Aldrich,Frazer,1989-07-18,6826501698,afrazer3h@mediafire.com,8763181634818150
710862357397,jhurley6n,BvIKvhx1g,Julita,Hurley,1992-06-09,9807669013,jhurley6n@wsj.com,1226339394686264
712892207359,evanson3n,P5uhfyjT,Elspeth,Van Son,2004-09-05,5958737289,evanson3n@wiley.com,3261159581221376
716477944082,bstrognell8w,gYCoGoX,Breanne,Strognell,1992-10-28,3059288975,bstrognell8w@moonfruit.com,6777215888776534
716794025890,tkulicke4h,gl6Zq7IPN,Tiena,Kulicke,1995-10-11,1359230473,tkulicke4h@indiatimes.com,6359127307420911
716978142512,tmaillard4c,tErxI6H,Tally,Maillard,1969-08-01,6599838949,tmaillard4c@nydailynews.com,7963965803293437
717899729415,dmenziesp9,3JKGfldmx,Donavon,Menzies,1991-04-21,4335393082,dmenziesp9@apache.org,505940102364306
719144902269,tcrannm4,sepACLcx8c,Traci,Crann,1982-12-07,5424792940,tcrannm4@ed.gov,3138082557367587
719977157466,bbrumblejn,5qzH54QcQ,Bill,Brumble,1982-03-08,5759997158,bbrumblejn@wikia.com,4638218489381480
720357471644,fpierpoint8m,OEOQztgss,Fabe,Pierpoint,1985-10-27,7204682596,fpierpoint8m@sciencedirect.com,9640957107413908
721955733456,hhowood5h,6ukCx6O,Harold,Howood,1974-03-15,7716757114,hhowood5h@geocities.com,9283592460513210
723188270128,mgoodanew6t,G2Twh7M3Z,Myrta,Goodanew,1989-03-08,7356405411,mgoodanew6t@livejournal.com,4910019497271834
724563027734,smephamez,m9kfmX9pdAoI,Stanwood,Mepham,1970-01-20,4442430215,smephamez@simplemachines.org,7094763062142876
724806738823,mmacdermid18,1OlghEItuImx,Merrill,MacDermid,2003-10-16,3209963636,mmacdermid18@github.io,6231003087162236
727497370639,nwingatekq,BJgQMq15Sr,Nedda,Wingate,1979-02-07,2163815933,nwingatekq@google.com.hk,7316040305165838
728535571743,scrowleyd0,hSquJ49aj,Silvan,Crowley,1967-02-03,1933571843,scrowleyd0@xing.com,9167346464713882
728812628777,aleggott80,KpIK08ym,Ailina,Leggott,1978-01-24,9155120647,aleggott80@umich.edu,2151111448365070
729300796930,ebartlesg2,128THl0,Edouard,Bartles,1967-04-15,4938925310,ebartlesg2@devhub.com,6501189481950094
729437374107,ytilliardgf,tgT2usStNSmS,Yolane,Tilliard,1970-11-24,7287356610,ytilliardgf@cam.ac.uk,2421076184874680
729449815609,lcurwood22,jhzTEJY,Lynne,Curwood,1972-06-17,7254892368,lcurwood22@flickr.com,7481199220668152
731196740217,msalmondaf,mspVIqxEr,Melisse,Salmond,1976-12-08,2547241376,msalmondaf@deliciousdays.com,6928063215212629
731428141447,hstannisb9,WUL4y9,Hort,Stannis,1978-08-22,4713327758,hstannisb9@mozilla.com,1888943073778378
733937717155,egrog9,pQDRfiKY,Emelda,Grog,1988-05-29,1915680674,egrog9@cnet.com,2407537345264600
737213012051,vcallearhr,eh9w08jg0wI,Vladamir,Callear,1987-09-08,6898327215,vcallearhr@ft.com,991680293895896
737835757144,gsconce17,VYkRRSEt,Geri,Sconce,1999-02-07,7122101798,gsconce17@jalbum.net,4850443025425058
740356075827,clangeleyp3,jfnvio8kz,Coleman,Langeley,2003-12-17,2624427218,clangeleyp3@constantcontact.com,8881805618998814
742118585708,obeaganoy,JJp1bN,Othello,Beagan,1973-05-23,2132197566,obeaganoy@issuu.com,943650421145256
743014643349,cbreslauero,L4as4aaX81AJ,Coop,Breslauer,1985-03-27,9174588639,cbreslauero@nature.com,4376299018906246
743082882401,syuill4z,7Zbam8,Sherill,Yuill,1985-12-12,6304251548,syuill4z@telegraph.co.uk,4093877717214966
744434723871,krolstone3w,z0RNivr8h0mG,Karlis,Rolstone,1982-07-30,2601224500,krolstone3w@walmart.com,1216955546625561
744815353700,hmangamfu,UerLZ0GoQ5P6,Helaine,Mangam,1999-12-23,6503081743,hmangamfu@bloglines.com,3975663680280757
745547724658,vmaroneyot,agXpChAE0qj,Van,Maroney,1962-07-12,7424476068,vmaroneyot@hubpages.com,7667178609025591
746926679273,gborell2q,mZlZbspu,Genni,Borell,1984-08-30,6171102387,gborell2q@google.ca,4248425862363473
747523786389,alabadinio7,OV2wrkABIa6,Aryn,Labadini,1976-09-18,5975625840,alabadinio7@pbs.org,3854551041545836
748680665668,amaturap1,T8aOsV,Augie,Matura,1993-09-27,5824169789,amaturap1@uiuc.edu,7407551617258229
750390006637,zscalesrk,znWOfEGCpaKe,Zora,Scales,1966-07-29,1026640108,zscalesrk@umich.edu,3224633848341114
753297938242,kheasleyn6,6s8AEr,Knox,Heasley,1970-07-22,4298727565,kheasleyn6@phoca.cz,7257251439561802
753765678735,biacovohy,KlMIia0rJ1T,Belinda,Iacovo,1987-04-25,5785690723,biacovohy@answers.com,3838845438122159
754070797029,fbewsy9p,Q92q5vc,Franciska,Bewsy,1970-07-24,6708108336,fbewsy9p@upenn.edu,2486821942483041
754793154220,vshovlar3b,ByJSWUO,Vinnie,Shovlar,2002-05-08,4645320856,vshovlar3b@goo.gl,3231687789670426
755166689451,bboulsher1z,bvZunN,Brandyn,Boulsher,1977-02-26,1042905095,bboulsher1z@hubpages.com,1264932318270939
756580724101,rmillimoels,lZdfPSqL1,Randi,Millimoe,1973-09-16,2688989314,rmillimoels@oracle.com,3451019711883208
758630170579,ghearoney,V1Zl3oqsO,Gib,Hearon,1979-07-06,1381183222,ghearoney@blogtalkradio.com,591021414017454
759131901132,ndranfieldd5,VUp8zGOXkS,Neda,Dranfield,1961-10-26,3927781893,ndranfieldd5@cbsnews.com,8989035313214737
760535390822,chazeltinefg,mLkeFnKBFDM8,Chris,Hazeltine,1992-06-16,5877748517,chazeltinefg@gov.uk,6925305632919997
762890393882,dstuttardko,ndcR5PXxiKsw,Dudley,Stuttard,1974-06-03,3308321427,dstuttardko@prweb.com,3287338332876795
764979921004,skettley7y,krxrecsLwz,Sherie,Kettley,1993-03-29,5829909915,skettley7y@census.gov,2554292688256399
765519043036,cheersemaqn,H1rF6r,Craggy,Heersema,1981-03-01,4915124592,cheersemaqn@sfgate.com,6409800398780825
766059878520,cwheatlandkz,jNrAvA,Chiquita,Wheatland,1963-05-29,1579693627,cwheatlandkz@paypal.com,7152068761315397
766417236345,rpowdermg,OsYfAcHf9,Reece,Powder,1982-12-30,3998706746,rpowdermg@blogspot.com,2991444822206856
766456978404,sbeadmanr6,F6HJ2CE,Sigismond,Beadman,1964-08-08,6125181591,sbeadmanr6@sourceforge.net,5480860358371766
768394196461,qjosselson1v,PL7ynk6IDv,Quintin,Josselson,2001-04-21,9011434944,qjosselson1v@liveinternet.ru,9868750874214059
769972161969,tahrens15,sPDgBWyMkGXz,Thor,Ahrens,1989-02-03,7199474362,tahrens15@angelfire.com,2630920858840566
770040282953,clandal1n,yySjxmeib5,Curt,Landal,1993-06-10,2318076064,clandal1n@upenn.edu,4078184567181152
770346888810,lvanshin7d,lmqsd2p,Lianne,Vanshin,1996-11-18,3294151056,lvanshin7d@go.com,1249449953167318
771791444763,cgauntl6,lZMwMqX,Caryl,Gaunt,2000-06-27,6863075411,cgauntl6@arstechnica.com,3971312595880209
772170168885,btaffreye8,dNSyw3,Brandtr,Taffrey,1985-06-19,8165991273,btaffreye8@xrea.com,3346667936477788
773734046140,ekillerbymf,mfhR29tL,Emelyne,Killerby,1995-11-26,7655702116,ekillerbymf@deviantart.com,707697952038314
773902041499,jhune66,X5DYuY3Ywz4U,Jessey,Hune,1992-06-30,3525350600,jhune66@pbs.org,1518961912426594
774000517148,hkermeen50,l8WQxN5,Hendrika,Kermeen,1983-12-15,7696111042,hkermeen50@github.io,4992755080248352
775184776002,hloveladyf,WQM3QWMIG6A,Hanan,Lovelady,1992-12-28,1355047335,hloveladyf@utexas.edu,4632478795923436
775950106912,bjost3v,10FYmkL,Barbabra,Jost,1996-01-10,8211054871,bjost3v@weebly.com,2810669235234441
776615812241,ilanahan4x,ZrUKqET62I,Irving,Lanahan,1995-05-31,4361862485,ilanahan4x@virginia.edu,4391532423099893
777816879361,mbedfordor,gbJIrSOkIxV,Maurits,Bedford,1993-09-24,1709759324,mbedfordor@discuz.net,27267343404992
783205912393,vsuffe92,9isCNJNHobKW,Vergil,Suffe,1985-09-03,5746491567,vsuffe92@wiley.com,2713722366220252
787869996090,rmartensencs,vvH2eufCWI,Rosana,Martensen,1991-04-07,2023698536,rmartensencs@fastcompany.com,4152448223474285
791901638154,cgriegereu,2URVwFDW,Cole,Grieger,1987-03-29,1745548094,cgriegereu@hostgator.com,4639627602087524
792850816013,zcrampsey9i,OmkbIF,Zuzana,Crampsey,1961-02-17,8799556720,zcrampsey9i@netvibes.com,7549922137358523
796390528556,lcrowdsonfi,PnnWPSKq,Ly,Crowdson,1990-11-06,6895711159,lcrowdsonfi@ft.com,9706543435036406
800230629402,lgilbankiq,hSivjYlqmq,Lorie,Gilbank,1977-12-10,7074776264,lgilbankiq@sun.com,7687624556554410
804475927334,dchrispin7u,2kBN5n1Zcoqi,Diana,Chrispin,1965-10-05,3765522926,dchrispin7u@privacy.gov.au,3485499263836433
804499045511,jpickavante6,NTrjPU,Janot,Pickavant,1965-05-18,5583906227,jpickavante6@github.io,5036746961836569
804944601318,wvogt59,geVhq9QsSqo,Wheeler,Vogt,1965-06-10,9317412867,wvogt59@livejournal.com,3285614614025814
806857715820,bbrashiergv,Krymahy,Brocky,Brashier,1997-12-15,2465560545,bbrashiergv@va.gov,3414770337189859
810678933705,jfarncomb20,d6SBesBY,Jessika,Farncomb,1985-04-02,3353895588,jfarncomb20@ed.gov,5423879870915240
811145822115,pgwynka,X21DIsPiLs,Page,Gwyn,1982-09-04,7168348054,pgwynka@nbcnews.com,5985045742183605
811405903064,kjuarez86,rsRu0s1UQPOL,Kennan,Juarez,1961-04-08,5202325210,kjuarez86@parallels.com,368651261358664
811576967809,jredihough89,0mwP2ldHXZP,Jocko,Redihough,1988-03-15,2191035117,jredihough89@ucla.edu,2628235145427902
814133709339,lhallumee,AiNvKmcW,Lauryn,Hallum,1998-06-24,3151312420,lhallumee@about.com,1406622795337363
816606353511,fhyltonnl,jVvF0BAqvW4,Farra,Hylton,1985-01-22,6939894442,fhyltonnl@etsy.com,7706967132830892
817844161750,wwhitehorn2l,7e1jfz,Wyndham,Whitehorn,1994-09-26,3923191157,wwhitehorn2l@state.gov,1433734866377513
820975475015,dmanion6e,0dYn37m,Dalston,Manion,1970-08-24,5505501958,dmanion6e@desdev.cn,3937441522419871
823284309503,sgrovekl,ZQrt0tRU,Sonny,Grove,2001-09-25,7367380221,sgrovekl@cmu.edu,1714715469226751
827918987177,kierland8q,nV8GsK,Kienan,Ierland,1984-10-11,5038354829,kierland8q@csmonitor.com,2817359293558074
828749554888,tebbettsbh,DyAQtDL1,Tabbitha,Ebbetts,1979-07-09,5157043669,tebbettsbh@disqus.com,5793681557455890
830009442454,hgiacobini3s,NXzG6BcbWy7,Henriette,Giacobini,1992-11-15,1885241439,hgiacobini3s@hexun.com,8598922454476168
831221884589,ieyrlrc,be9DrNq05Ygo,Ira,Eyrl,1976-10-19,9096161001,ieyrlrc@nymag.com,205981881039036
834123594735,kchedgeymn,yWP08m,Kip,Chedgey,1999-11-25,8895634426,kchedgeymn@goo.gl,4021197021797010
835287744726,cithelldz,YsOQppW1pU,Cornelia,Ithell,2003-05-10,4889254251,cithelldz@newyorker.com,405114722865997
837202028453,tgovannt,MlFkQD4bC7,Thorvald,Govan,2000-02-09,9241314884,tgovannt@reference.com,5717911504295062
837730544428,shawsm0,CTQEW4LNYi2L,Saunderson,Haws,1964-05-15,3781268277,shawsm0@newyorker.com,7342324140415045
838042588839,sorablef3,TmKvGBq8P,Selma,Orable,1985-02-28,3146007798,sorablef3@ft.com,8401951445715556
838341359944,blomasnyf8,IXDHNqP61,Brandise,Lomasny,1970-08-25,7452229873,blomasnyf8@java.com,4960189019547936
838703457557,ftorrittiab,Ih1hicN0hl,Fey,Torritti,1981-01-31,7541793057,ftorrittiab@github.io,792003735898578
838781646358,jelderidge1p,FAw9Iu,Jacqui,Elderidge,1998-02-06,8098064250,jelderidge1p@ca.gov,4076755962077874
838956201349,okeijser6o,NVVbQUb9FH,Orland,Keijser,1991-03-23,3211743763,okeijser6o@google.co.uk,9816700977050197
839184152456,sgomersalmw,qxZd1YSV,Stillman,Gomersal,2003-04-28,6507213220,sgomersalmw@dagondesign.com,9222085455250483
839778930886,bdavidescui1,Uhixb1vx,Bert,Davidescu,1989-03-18,2227028804,bdavidescui1@usa.gov,9212409563144473
840502109758,dmorrittbu,wU6nvcYTRn,Darci,Morritt,1963-09-07,8574924119,dmorrittbu@quantcast.com,7799371026043333
844337223887,asimonssonz,QCP2ZjfVh,Annamarie,Simonsson,1990-05-16,5017620177,asimonssonz@instagram.com,3754948584462288
845983406259,cpaffittol,liGp19QiwP,Charil,Paffitt,1960-07-17,4769350286,cpaffittol@salon.com,6989226121091816
848778730129,cpauler29,gQSF34Y,Cesare,Pauler,1985-02-26,1879309761,cpauler29@hao123.com,6796385764438457
851869216353,ccorleymz,yXe2kH6Nw,Christina,Corley,1982-12-04,3109468741,ccorleymz@weibo.com,5778425799572323
852018822289,bcoate43,UbY7Dy,Brock,Coate,1990-10-05,4078167972,bcoate43@independent.co.uk,2619236247355267
856273683959,elifton9n,XEA6HkR,Erik,Lifton,1989-09-18,3636465200,elifton9n@mashable.com,3988655459001644
856537899380,kkopfer91,inPFEa2rb,Kay,Kopfer,1989-12-07,1766183777,kkopfer91@examiner.com,5226235640425775
856960572227,prubbertho,iFedLexZPLM,Prinz,Rubbert,1972-07-14,8175983792,prubbertho@smh.com.au,7765703813804435
860494333979,craith3t,KtQRELJ,Chandler,Raith,1998-07-12,7197249416,craith3t@nba.com,9128932055887525
864611193447,cgreenalfdk,hJtLPRZFTLZ,Codie,Greenalf,1974-08-25,4957648615,cgreenalfdk@uiuc.edu,5937702271889963
865529699237,rrawsoni0,XYpgrQDG9O,Rochelle,Rawson,2001-02-15,1215775852,rrawsoni0@themeforest.net,2531838404895438
866806093967,fcopasia,nSbYgNPR1a,Florenza,Copas,1999-05-25,5473604101,fcopasia@ibm.com,4976444715224278
867550459363,lalldred23,ey4NrKex0,Lanita,Alldred,1980-01-12,6662592514,lalldred23@usda.gov,8106669757659614
867723714163,lwoliterge,3cgcwwoTEA,Laryssa,Woliter,1967-08-01,3851351842,lwoliterge@naver.com,5148782728011917
867775169005,jhemphall6d,92p1Ruyt,Jeffie,Hemphall,1979-09-15,4015275373,jhemphall6d@artisteer.com,6949719995681087
868041976567,drosenwaldgc,A1w0jf8bF0cb,Dore,Rosenwald,1968-01-11,5984304409,drosenwaldgc@sourceforge.net,6632068619675672
872100963350,qmccollpt,gkYGH7,Quintus,McColl,1983-10-26,2674679805,qmccollpt@list-manage.com,2943215545249822
872128245202,gmacalroygl,TG3XWOHfDuy,Gerry,MacAlroy,1992-04-28,2444936915,gmacalroygl@techcrunch.com,2170423249678117
873975881464,dstockhill11,dMrZXb8F,De witt,Stockhill,1970-08-19,8684244312,dstockhill11@example.com,7522932729721021
874113893179,rcargo49,MXo4TU0HqF,Ramona,Cargo,1996-12-10,3027856623,rcargo49@fema.gov,9748893248020666
876278889165,kborsi7e,4S0l4G,Karel,Borsi,1975-04-05,1059362396,kborsi7e@stumbleupon.com,8305552374288556
877207064106,cconveryfb,ZMyHulbpM3,Charlene,Convery,1979-10-07,3703738063,cconveryfb@ihg.com,3354571129681671
882545009097,kheselwoodn4,CTXY5B,Kipper,Heselwood,1978-09-20,2718983796,kheselwoodn4@cam.ac.uk,2967584761792831
882975186975,adarbencb,qYoJnQ1g7km,Ambrosi,Darben,2001-10-04,8699282483,adarbencb@gnu.org,8054133050991676
883265960573,asodol,g9R9hz1,Angus,Sodo,1992-12-26,5063950943,asodol@163.com,7576886368587721
885006309420,aenderle4,AQhDYh4,Arel,Enderle,1962-03-05,7968391414,aenderle4@bluehost.com,2104112694631390
887154761271,sskittleiv,p1HdihV8Ahj,Shae,Skittle,1960-10-12,2159853494,sskittleiv@nationalgeographic.com,9355218635391897
891792999940,lmoogan4l,s8fi1ALmPB,Lenee,Moogan,2003-07-01,1299842381,lmoogan4l@arizona.edu,4547306266431251
893491213652,jgatrell9d,5helHYHEZT37,Jourdan,Gatrell,1980-10-08,6342451660,jgatrell9d@tmall.com,3127492633721919
893500141115,wjacquet1o,wOVO26R5HE5,Winne,Jacquet,1998-07-13,2489343883,wjacquet1o@ycombinator.com,4767112359864240
893583278637,frocks68,tMVDQbHBo0C7,Ferdy,Rocks,1971-11-21,8923366127,frocks68@amazon.com,340147090186039
893654486677,memig8t,DucjqyUlJIh,Myriam,Emig,1967-08-02,1674884907,memig8t@who.int,6653388279343450
897265246084,tdamihl,Dy0VkeYal8E,Tiffany,Dami,1983-07-22,4688850792,tdamihl@hostgator.com,6130917812666244
897394493971,omursell3g,ohl269Xh,Odette,Mursell,1999-07-05,8028165245,omursell3g@php.net,2245741936956807
900705759269,tborland5x,NFZByuxn,Tabbie,Borland,1975-02-28,8471117329,tborland5x@cbsnews.com,5596006690976946
902572197744,mprobey5u,oCL2Q9Xid,Marlowe,Probey,1987-10-28,9936169699,mprobey5u@bigcartel.com,7692125340082027
902840691398,atarbath52,YDgCDUGo,Ambrose,Tarbath,1973-03-02,4388025066,atarbath52@google.ca,9837451067782464
903945247554,sboottonjd,yYr2OB4LGnp,Skell,Bootton,1980-03-09,1594494445,sboottonjd@twitpic.com,9011633750807778
904099535170,bgloyens34,K0HvkbkG,Barbette,Gloyens,1975-02-11,5976765078,bgloyens34@pagesperso-orange.fr,7286670336782503
905348555976,gothickbn,ELjW6iic0Rk,Graehme,Othick,1977-08-17,1616697277,gothickbn@drupal.org,3082505332889371
908013598212,mhurran6p,tlylbd,Matthus,Hurran,2002-08-26,9525765255,mhurran6p@walmart.com,7042508868328371
909870970476,sgrosvenorc9,Tio4iuGWd9iJ,Stanleigh,Grosvenor,1984-11-16,1108518690,sgrosvenorc9@ucsd.edu,1383179117640200
909945523385,roscolleenx,IjpXCyNf,Rustie,O'Scollee,1961-03-03,8808043808,roscolleenx@uiuc.edu,5006122442814817
914450593126,cplaster54,UYfs6MoVQ,Cordi,Plaster,1961-04-02,8364025710,cplaster54@hhs.gov,7865549848154032
916816223278,fbiggamb8,wwyaPDN,Fancy,Biggam,1978-12-26,5915606328,fbiggamb8@desdev.cn,8344492819150754
917488416200,esanderhh,59ArMcnMj,Etheline,Sander,1978-01-21,7899280009,esanderhh@tiny.cc,8029451440898413
918876504655,psimonian79,qIondThnGkp,Penelope,Simonian,2000-02-28,2643324747,psimonian79@moonfruit.com,2246830036424668
921022714217,vbambra8o,jtjk6R8RF1d,Viviyan,Bambra,2002-12-20,6974894003,vbambra8o@freewebs.com,4483269312270098
922421337201,ftuftsjv,LBEDMx0HIQcY,Fanchon,Tufts,1977-01-30,8902751831,ftuftsjv@indiegogo.com,4552900385785224
925639644671,wkroutkv,sk7aPzrAY7,Waverly,Krout,2004-11-05,8864856334,wkroutkv@hostgator.com,4537408227177101
926821527378,amatschossfc,GwRenBtFH,Alard,Matschoss,1974-10-16,4427940527,amatschossfc@pen.io,7883679802683042
927077812693,gmaggsbq,CI6WNWZ3R,Guido,Maggs,1970-06-13,8681529688,gmaggsbq@vistaprint.com,7732433386135084
929155631250,nduffus47,gfQ1Do1zv,Noelyn,Duffus,1962-04-20,5527154415,nduffus47@hc360.com,1159278971870520
934868269977,lwrixonjf,sdksVusl,Lynde,Wrixon,1965-05-24,7365255334,lwrixonjf@nyu.edu,3852323097458210
935249192367,tpitbladooz,NF1rGE9CipK,Trixi,Pitblado,1968-01-31,6109424341,tpitbladooz@homestead.com,7636560184849880
936589767519,tshowte9r,77TYWg,Terri,Showte,1964-10-12,3134516435,tshowte9r@wisc.edu,2717102116652159
936641125404,rgellately12,a6coFs4lgxh,Ruddie,Gellately,1998-05-30,5254948492,rgellately12@nature.com,7638952054173043
938138351550,rhathway70,kbw9lkD,Reinold,Hathway,1979-12-22,6812749062,rhathway70@amazonaws.com,3240366587602578
938752213189,cmcdugalmk,RT2ZWX,Camala,McDugal,1979-07-06,4937608667,cmcdugalmk@digg.com,4514715487883584
938858901389,ssowray3z,gWpNiLRHS9,Salomon,Sowray,1993-06-30,9792681498,ssowray3z@seesaa.net,3769564724909981
941497379789,adouglasset,bBKoRssdg,Adriena,Douglass,1988-03-25,5994441963,adouglasset@google.com.br,3525584737493585
942243840689,cfontelbb,NNlF3KiHSnM0,Christan,Fontel,1980-01-29,8727496397,cfontelbb@cloudflare.com,5320669386982442
942530338076,areijmers1d,eF5XryKQ,Agnella,Reijmers,1966-06-13,2537522774,areijmers1d@geocities.com,7993407056244541
945910320733,cscutterg4,p7AOnIjWUs,Catina,Scutter,2002-11-18,9891369018,cscutterg4@ifeng.com,4416621112893084
946007468204,cdoll78,T8ECk1Wl,Ciel,Doll,1976-08-20,1636038739,cdoll78@hugedomains.com,4871723073932706
946162810047,mheishamgk,7Aa9YeFZCbP,Mari,Heisham,1987-01-23,6758225410,mheishamgk@homestead.com,8244139638604304
948125063055,bstops9w,3Yk7Mh,Betty,Stops,1983-04-14,8966046060,bstops9w@slashdot.org,1616461865268966
948355582750,gpennynd,iVpxbTIvk21w,Gray,Penny,2000-10-09,5282138795,gpennynd@cdc.gov,331923141750041
948495375444,twigley5p,JMy3kD9CVi9S,Trula,Wigley,1992-04-28,2651689452,twigley5p@feedburner.com,4040853576780198
949632332937,lallanno,rIGibQAa,Lisbeth,Allan,1973-07-06,4103025504,lallanno@columbia.edu,8241157455649565
953409667656,gberrill9f,hPHObR0Ql,Giovanni,Berrill,1980-11-10,8919578571,gberrill9f@live.com,8354100706561852
954755853486,rscurrer3d,M8QWnIF,Rolf,Scurrer,1980-05-23,8524047071,rscurrer3d@shareasale.com,1930927672654060
955691158308,dweylandf6,we1GVNAJ,Darrick,Weyland,1997-10-26,7852322897,dweylandf6@ihg.com,4675964045815550
959578451054,cpaddick3i,1PIg4EdlW9,Cristian,Paddick,1984-05-24,7397038447,cpaddick3i@1und1.de,4439526968112216
962038058723,jmarcinkus7r,jNivoVnYp,Jaquenette,Marcinkus,1964-07-11,8145004589,jmarcinkus7r@un.org,7257728212995718
962642375431,tbosseljk,x1VUkvCPp,Tan,Bossel,1965-02-17,5085033653,tbosseljk@deviantart.com,5142775739507674
970119286928,ivicentj,cyPc2JEF14,Iris,Vicent,1982-05-28,5016573672,ivicentj@ibm.com,34526462871936
970126331166,gyurinmu,e8FpXusSRy,Gamaliel,Yurin,1974-08-18,2218064351,gyurinmu@cnbc.com,6104083921774016
971457651835,dstalf19,PD0oJC,Davie,Stalf,1972-05-21,1792337074,dstalf19@elpais.com,6377859724791285
974150294976,sliddiards,nneEHjft,Salomon,Liddiard,1981-02-13,6954558567,sliddiards@sitemeter.com,6365914806272269
975833695234,toliphantm,7606ILRbT,Talyah,Oliphant,1986-06-18,7938040117,toliphantm@ocn.ne.jp,2694452369489452
979807954536,gbellefant2d,ztp3PX11AH,Garrett,Bellefant,1971-05-20,7442413753,gbellefant2d@soundcloud.com,5177988816818949
986683954318,gyarnley1s,Slo36j,Goldarina,Yarnley,1998-08-22,9115324620,gyarnley1s@barnesandnoble.com,4874860545069681
989528104631,whails3j,cUH1Xs,Wally,Hails,1967-07-22,2994952023,whails3j@auda.org.au,754737838832763
990425584658,vcappero4,jyt2fvyfLapF,Valaria,Capper,1985-11-07,8793666956,vcappero4@goo.gl,9189173940811114
991640557574,znorcross6,UIlZAhwM9,Zane,Norcross,1966-11-11,1819328585,znorcross6@go.com,8688101541711391
993600267748,svasechkin13,Wqe2DQil,Spense,Vasechkin,1972-10-30,8076825896,svasechkin13@bluehost.com,9902803169982983
994791765275,rsaphin5g,iODRjs5UHRa,Roddie,Saphin,1987-02-26,1571172071,rsaphin5g@utexas.edu,2786908866862102
996224821500,mbettamoo,kXdywpH,Mikol,Bettam,2003-01-13,5182994831,mbettamoo@foxnews.com,4699775283322769
998582068334,lmacaulay7p,od13xOivoo,Lorette,MacAulay,1961-12-07,2326330953,lmacaulay7p@nsw.gov.au,8251064233439615
999644072628,ocremenai,2mMQdI17wk,Olin,Cremen,1998-07-06,8739732405,ocremenai@weather.com,802096445328202
